{"labels": [0, 0, 0, 0, 0, 0, 0, 0, 0, 0, 0], "scores": [0.9469243884086609, 0.9442364573478699, 0.9143508076667786, 0.9139633774757385, 0.8990913033485413, 0.8946881890296936, 0.8553875088691711, 0.8318681120872498, 0.811257541179657, 0.42844802141189575, 0.05565314739942551], "bboxes": [[3349.475341796875, 123.75419616699219, 3696.1064453125, 386.0257873535156], [3089.25830078125, 891.6170043945312, 3430.794921875, 1151.0625], [695.5584716796875, 1132.4879150390625, 1017.8963012695312, 1390.76708984375], [4406.02978515625, 544.349365234375, 4739.87890625, 834.7241821289062], [4130.97509765625, 1252.106201171875, 4361.41650390625, 1476.37451171875], [2361.41748046875, 166.15249633789062, 2601.22802734375, 391.11224365234375], [3436.76806640625, 791.5684204101562, 3723.87109375, 1170.53369140625], [1907.4443359375, 1629.544677734375, 2119.671630859375, 1844.4149169921875], [1900.1370849609375, 1306.603271484375, 2111.493896484375, 1520.678955078125], [1132.9578857421875, 277.6337890625, 1313.2144775390625, 440.5797424316406], [2457.990966796875, 430.26507568359375, 2599.79248046875, 516.0247802734375]]}