{"labels": [0, 0, 0, 0, 0, 0, 0, 0, 0, 0, 0, 0, 0, 0, 0, 0, 0, 0, 0, 0, 0, 0, 0, 0, 0, 0, 0, 0, 0, 0, 0], "scores": [0.8064978122711182, 0.74720698595047, 0.7293266654014587, 0.7029066681861877, 0.694520115852356, 0.6759244203567505, 0.6417019963264465, 0.6415214538574219, 0.5739342570304871, 0.499446302652359, 0.39891499280929565, 0.3093929886817932, 0.3093683123588562, 0.2661498188972473, 0.18951764702796936, 0.11460942029953003, 0.10754161328077316, 0.10246198624372482, 0.09302979707717896, 0.08868145942687988, 0.07549495995044708, 0.07448776066303253, 0.06953758001327515, 0.06834152340888977, 0.06670477986335754, 0.06582988053560257, 0.06289616227149963, 0.060041774064302444, 0.05456807464361191, 0.05425644293427467, 0.05057820305228233], "bboxes": [[1032.3724365234375, 198.2241973876953, 1159.0477294921875, 333.32708740234375], [1641.2431640625, 692.2144165039062, 1747.264892578125, 824.07861328125], [1169.43115234375, 280.05816650390625, 1296.0345458984375, 421.0663757324219], [1308.09130859375, 365.1767272949219, 1430.395751953125, 505.7158203125], [791.2946166992188, 285.9180908203125, 896.3546752929688, 408.8202819824219], [1446.668212890625, 453.4856872558594, 1572.5777587890625, 585.5778198242188], [1481.3802490234375, 831.45654296875, 1587.30517578125, 956.6832275390625], [1871.6575927734375, 1714.470703125, 1974.3748779296875, 1839.3814697265625], [2103.535888671875, 1864.9163818359375, 2203.701416015625, 1976.573486328125], [1999.1429443359375, 1816.7880859375, 2063.80908203125, 1886.2027587890625], [2165.277099609375, 2372.590087890625, 2283.181884765625, 2471.200927734375], [2230.048583984375, 1971.6795654296875, 2282.02099609375, 2034.3681640625], [2335.39990234375, 2021.4437255859375, 2400.560302734375, 2086.41064453125], [1412.553466796875, 1243.2196044921875, 1484.7803955078125, 1315.196533203125], [1764.4920654296875, 1684.5543212890625, 1826.5325927734375, 1756.0], [1577.6263427734375, 1607.7125244140625, 1630.7515869140625, 1672.767822265625], [963.8179931640625, 1460.4202880859375, 1077.07177734375, 1533.7757568359375], [1669.4686279296875, 1597.6483154296875, 1720.490478515625, 1655.2525634765625], [1396.70361328125, 34.53647994995117, 1454.8271484375, 91.71148681640625], [2001.5286865234375, 1828.7752685546875, 2073.96826171875, 1950.8582763671875], [1197.0511474609375, 1341.5882568359375, 1252.9246826171875, 1403.6693115234375], [2112.978271484375, 1929.2816162109375, 2209.962646484375, 2042.2996826171875], [2306.213623046875, 2023.372314453125, 2396.479248046875, 2097.277099609375], [1031.830322265625, 1297.6966552734375, 1159.9814453125, 1420.76708984375], [1467.0823974609375, 75.58094787597656, 1527.5623779296875, 134.1813201904297], [2206.892333984375, 1970.3369140625, 2283.532958984375, 2060.488037109375], [763.8226318359375, 696.3861694335938, 817.4637451171875, 763.9622192382812], [1083.1861572265625, 1295.04248046875, 1162.3597412109375, 1382.921142578125], [1627.6712646484375, 1597.938232421875, 1719.442626953125, 1678.374267578125], [2299.22705078125, 2039.6236572265625, 2390.794677734375, 2113.253662109375], [2295.23828125, 1986.577392578125, 2394.313232421875, 2071.599609375]]}