{"labels": [0, 0, 0, 0, 0, 0, 0, 0, 0, 0, 0, 0, 0], "scores": [0.9613008499145508, 0.9561598896980286, 0.9382985830307007, 0.9314019083976746, 0.9232327342033386, 0.9230445623397827, 0.9147813320159912, 0.9077369570732117, 0.9027307033538818, 0.8862404823303223, 0.8025192022323608, 0.758181095123291, 0.10375247895717621], "bboxes": [[1979.4306640625, 1406.9840087890625, 2466.166748046875, 1977.9744873046875], [0.030673256143927574, 1461.7120361328125, 407.9348449707031, 1936.50439453125], [3964.751953125, 1295.6688232421875, 4228.5673828125, 1591.4033203125], [4269.23583984375, 1294.2464599609375, 4536.25244140625, 1605.4847412109375], [2925.01806640625, 180.75396728515625, 3193.570556640625, 497.40960693359375], [958.3912963867188, 1406.629150390625, 1452.3951416015625, 1960.8204345703125], [2308.632568359375, 80.83944702148438, 2782.972900390625, 587.7470703125], [443.10186767578125, 1468.8050537109375, 931.7788696289062, 1959.771484375], [1472.222900390625, 1448.642333984375, 1955.500244140625, 2010.16015625], [4390.5673828125, 130.65550231933594, 4790.56396484375, 560.7769775390625], [91.83959197998047, 760.764892578125, 318.4373474121094, 976.484130859375], [149.33604431152344, 266.4139709472656, 369.41778564453125, 478.1542053222656], [994.01953125, 1522.1793212890625, 1427.356201171875, 1900.934326171875]]}