{"labels": [0, 0, 0, 0, 0, 0, 0, 0, 0, 0, 0, 0, 0, 0, 0], "scores": [0.919470489025116, 0.918720006942749, 0.9156165719032288, 0.8843491673469543, 0.8771131038665771, 0.8721095323562622, 0.863093912601471, 0.8606785535812378, 0.8504336476325989, 0.353751540184021, 0.3134807050228119, 0.1981203407049179, 0.18199653923511505, 0.08740805089473724, 0.08246572315692902], "bboxes": [[4124.744140625, 2377.7890625, 4375.693359375, 2599.347900390625], [720.6669921875, 1073.943603515625, 1148.82470703125, 1487.112060546875], [3012.463134765625, 2363.259521484375, 3309.376953125, 2605.6259765625], [3320.27490234375, 2339.09130859375, 3611.93359375, 2601.58740234375], [743.6175537109375, 578.281005859375, 1129.5740966796875, 985.1025390625], [3947.444091796875, 0.0, 4194.74169921875, 193.89468383789062], [1726.73583984375, 490.54052734375, 2191.32958984375, 901.0384521484375], [3623.85986328125, 2365.73974609375, 3853.522216796875, 2591.70654296875], [3861.572509765625, 2366.425048828125, 4110.50048828125, 2583.2900390625], [3106.380859375, 34.4229621887207, 4087.373291015625, 1505.088134765625], [3755.855712890625, 1225.7608642578125, 4081.152587890625, 1472.4150390625], [3768.738037109375, 711.2112426757812, 4100.96044921875, 966.7852783203125], [3764.7265625, 165.05325317382812, 4086.973388671875, 464.3692932128906], [1608.2537841796875, 238.8525390625, 2031.3096923828125, 461.2484436035156], [1611.4700927734375, 1205.40673828125, 1920.9593505859375, 1479.0484619140625]]}