{"labels": [0, 0, 0, 0, 0, 0, 0, 0, 0, 0, 0, 0, 0, 0, 0, 0, 0, 0, 0, 0, 0, 0, 0, 0, 0, 0, 0, 0, 0, 0, 0, 0, 0, 0, 0, 0, 0, 0, 0], "scores": [0.7861537337303162, 0.7179276347160339, 0.6924522519111633, 0.6921469569206238, 0.6694985032081604, 0.6542453169822693, 0.6080223321914673, 0.6034169793128967, 0.5995646715164185, 0.589403510093689, 0.5793320536613464, 0.555796205997467, 0.5154885649681091, 0.47602859139442444, 0.4149157404899597, 0.3332892656326294, 0.3221365809440613, 0.29781171679496765, 0.25920647382736206, 0.177102193236351, 0.14404119551181793, 0.14146530628204346, 0.11233260482549667, 0.09939175844192505, 0.09822540730237961, 0.08855567872524261, 0.08393550664186478, 0.08376221358776093, 0.08127869665622711, 0.07607024908065796, 0.07404781132936478, 0.06943371146917343, 0.0667400136590004, 0.06524719297885895, 0.06017090752720833, 0.058989692479372025, 0.05432989448308945, 0.05409052595496178, 0.05231200158596039], "bboxes": [[575.7351684570312, 434.5193786621094, 719.400390625, 571.7976684570312], [539.24609375, 1417.906005859375, 665.7702026367188, 1518.0560302734375], [207.86892700195312, 1823.01953125, 323.8592224121094, 1925.2034912109375], [1658.7728271484375, 733.1963500976562, 1754.812744140625, 825.453125], [1344.494140625, 1895.6383056640625, 1441.3505859375, 1990.3538818359375], [2117.344970703125, 517.0468139648438, 2228.298583984375, 616.1767578125], [1183.4459228515625, 111.0123519897461, 1276.7376708984375, 214.1961669921875], [1425.7420654296875, 204.4105682373047, 1502.78759765625, 297.331298828125], [1691.1038818359375, 314.0830993652344, 1766.5576171875, 401.24041748046875], [317.36492919921875, 1754.5711669921875, 456.5335388183594, 1884.0135498046875], [810.3726196289062, 849.02294921875, 921.806640625, 944.341796875], [1603.318603515625, 290.2843322753906, 1665.3603515625, 353.2259826660156], [1431.7813720703125, 1663.9248046875, 1546.9957275390625, 1754.7908935546875], [1520.9232177734375, 252.0091552734375, 1578.9805908203125, 318.4742431640625], [1268.4178466796875, 2028.052978515625, 1367.6351318359375, 2121.30517578125], [1290.38916015625, 1990.7572021484375, 1371.2769775390625, 2084.221923828125], [1182.5557861328125, 2254.364990234375, 1298.9195556640625, 2351.769287109375], [1808.1746826171875, 2109.23681640625, 1884.4813232421875, 2225.093017578125], [167.31639099121094, 1942.2752685546875, 243.6213836669922, 2007.3260498046875], [1043.13232421875, 950.4931640625, 1147.2847900390625, 1011.5966796875], [1306.3446044921875, 1913.7386474609375, 1417.188720703125, 2025.2437744140625], [1963.4130859375, 1297.3094482421875, 2036.9266357421875, 1354.0804443359375], [165.78187561035156, 1944.5115966796875, 276.0860900878906, 2061.714111328125], [1608.461181640625, 297.9568786621094, 1719.2821044921875, 380.9998474121094], [1752.820556640625, 2108.62109375, 1882.7493896484375, 2225.54345703125], [1162.308349609375, 741.6780395507812, 1242.1446533203125, 812.0126342773438], [1120.002685546875, 2491.773193359375, 1185.7601318359375, 2552.861572265625], [1481.438720703125, 222.8826141357422, 1582.835693359375, 317.8930969238281], [573.1157836914062, 1541.1746826171875, 667.7926025390625, 1622.178466796875], [1603.40087890625, 291.523681640625, 1674.434814453125, 388.5414733886719], [1408.4437255859375, 1597.62646484375, 1544.52734375, 1753.7939453125], [2032.1832275390625, 1159.883544921875, 2091.945556640625, 1222.040283203125], [14.78794002532959, 2390.336669921875, 166.0157928466797, 2557.91357421875], [1294.5751953125, 1947.962890625, 1374.2205810546875, 2055.089599609375], [1570.7022705078125, 302.0088806152344, 1671.1077880859375, 402.9543151855469], [172.5765380859375, 1934.3460693359375, 296.44757080078125, 2014.9635009765625], [1552.2689208984375, 249.7778778076172, 1661.28515625, 342.24609375], [173.20372009277344, 1878.7701416015625, 300.357666015625, 2006.853759765625], [1641.366455078125, 310.1776123046875, 1761.9576416015625, 401.8074645996094]]}