{"labels": [0, 0, 0, 0, 0, 0, 0, 0, 0, 0, 0, 0, 0, 0, 0, 0, 0, 0, 0, 0, 0, 0, 0, 0, 0, 0, 0, 0], "scores": [0.7023135423660278, 0.6663147807121277, 0.5679788589477539, 0.25670796632766724, 0.19733001291751862, 0.17960569262504578, 0.17665690183639526, 0.156477153301239, 0.1532086879014969, 0.1427522897720337, 0.14181213080883026, 0.13759297132492065, 0.1301121860742569, 0.11982891708612442, 0.10912483930587769, 0.10834759473800659, 0.09759743511676788, 0.09323932975530624, 0.09303346276283264, 0.09145592153072357, 0.08108537644147873, 0.07812308520078659, 0.07113941758871078, 0.06716518849134445, 0.06428364664316177, 0.06022590398788452, 0.05430811643600464, 0.05407510697841644], "bboxes": [[672.0155639648438, 571.0939331054688, 808.96923828125, 732.4306030273438], [839.6135864257812, 727.09423828125, 961.3014526367188, 858.2569580078125], [294.49688720703125, 521.4030151367188, 422.4266052246094, 630.5792846679688], [2320.24462890625, 2250.989013671875, 2431.400146484375, 2331.065673828125], [332.99346923828125, 250.6210174560547, 445.79815673828125, 348.1416931152344], [329.3249206542969, 153.5174560546875, 430.3329162597656, 238.7047882080078], [2312.365966796875, 723.2330322265625, 2395.595458984375, 795.95751953125], [1721.3709716796875, 718.5061645507812, 1788.6590576171875, 788.4238891601562], [2334.751220703125, 814.8197021484375, 2431.697998046875, 889.6171875], [333.3861389160156, 417.2100524902344, 479.2857360839844, 531.5371704101562], [2498.2783203125, 1014.4973754882812, 2558.4072265625, 1094.3995361328125], [2475.66748046875, 508.5437927246094, 2556.014892578125, 587.8884887695312], [2262.026123046875, 1362.1810302734375, 2357.115966796875, 1449.3499755859375], [2285.921875, 1658.1771240234375, 2371.27685546875, 1753.8050537109375], [1632.1590576171875, 714.4644775390625, 1700.1627197265625, 781.8895874023438], [314.9642639160156, 469.8825378417969, 462.8717956542969, 610.1217651367188], [2475.38427734375, 2076.44189453125, 2555.405517578125, 2191.33642578125], [411.290771484375, 513.31201171875, 513.2202758789062, 658.6967163085938], [2404.023193359375, 2396.357666015625, 2503.115478515625, 2476.3173828125], [2311.9169921875, 734.9121704101562, 2425.2705078125, 869.9889526367188], [1800.409423828125, 695.4404296875, 1877.54296875, 779.7285766601562], [1.188897728919983, 1077.236328125, 75.12007141113281, 1208.489501953125], [1781.6058349609375, 2514.21728515625, 1830.5018310546875, 2559.3583984375], [393.84356689453125, 513.2362060546875, 491.14727783203125, 637.0582885742188], [961.9401245117188, 637.6932373046875, 1023.8984375, 705.66748046875], [2330.01513671875, 770.7333984375, 2433.2958984375, 876.2350463867188], [339.48687744140625, 259.67706298828125, 464.8177185058594, 376.1289978027344], [425.912353515625, 550.3131713867188, 515.3477783203125, 681.5465698242188]]}