{"labels": [0, 0, 0, 0, 0, 0, 0, 0, 0, 0, 0, 0, 0, 0, 0, 0, 0], "scores": [0.9426187872886658, 0.9216756820678711, 0.9148486852645874, 0.9038357734680176, 0.8959367871284485, 0.8626043200492859, 0.8607869148254395, 0.8536342978477478, 0.8465036153793335, 0.8326734304428101, 0.8155906200408936, 0.8106611371040344, 0.7337841391563416, 0.7011950612068176, 0.5885512232780457, 0.09423505514860153, 0.0657341480255127], "bboxes": [[4182.92138671875, 788.28662109375, 4724.1748046875, 1470.92431640625], [2118.51953125, 2167.07958984375, 2525.74609375, 2451.119384765625], [3358.4873046875, 637.1441650390625, 4176.41015625, 1480.042236328125], [3603.96044921875, 2128.144775390625, 4016.656982421875, 2392.127685546875], [2549.552001953125, 2241.806640625, 2785.00244140625, 2465.8056640625], [1755.4139404296875, 2160.625, 2082.107421875, 2428.4072265625], [3981.537109375, 2125.07568359375, 4432.29736328125, 2615.97314453125], [1355.37841796875, 695.9981079101562, 2107.87109375, 1495.0003662109375], [246.6652374267578, 625.6179809570312, 1265.8458251953125, 1524.5472412109375], [1459.330078125, 2158.88427734375, 1711.6878662109375, 2413.822998046875], [2929.71533203125, 2208.233642578125, 3165.288330078125, 2385.902099609375], [2145.892333984375, 175.17996215820312, 3343.927734375, 1475.77978515625], [3185.427490234375, 2168.319091796875, 3348.490966796875, 2435.7529296875], [3383.984130859375, 2176.41259765625, 3588.759765625, 2350.7841796875], [4470.89404296875, 2131.016845703125, 4800.0, 2613.485107421875], [2591.32861328125, 160.19671630859375, 3005.2724609375, 476.9085693359375], [4260.62890625, 940.372314453125, 4658.37646484375, 1420.48388671875]]}