{"labels": [0, 0, 0, 0, 0, 0, 0, 0, 0, 0, 0, 0, 0, 0, 0, 0, 0, 0, 0, 0, 0, 0, 0, 0], "scores": [0.7756742238998413, 0.7256552577018738, 0.7028882503509521, 0.6593751907348633, 0.6247066855430603, 0.6150996088981628, 0.5793741941452026, 0.5497332811355591, 0.5454716682434082, 0.5448777675628662, 0.4358414113521576, 0.29824379086494446, 0.2933664619922638, 0.2605588734149933, 0.17567065358161926, 0.16580945253372192, 0.13140340149402618, 0.12157642841339111, 0.10112956911325455, 0.08400730788707733, 0.07916625589132309, 0.0753643587231636, 0.07319370657205582, 0.050691019743680954], "bboxes": [[532.1654663085938, 1419.369873046875, 670.3753051757812, 1523.6343994140625], [628.7963256835938, 1186.039794921875, 770.4267578125, 1286.457763671875], [1893.5140380859375, 1372.5941162109375, 2005.3359375, 1470.1014404296875], [963.3017578125, 29.326459884643555, 1057.95263671875, 117.51277160644531], [1851.8681640625, 1488.0972900390625, 1951.0150146484375, 1580.066650390625], [1545.7642822265625, 2157.948486328125, 1661.0799560546875, 2266.84619140625], [2117.837158203125, 515.950439453125, 2218.6005859375, 618.9684448242188], [818.1763305664062, 851.4205322265625, 925.3761596679688, 951.0719604492188], [1441.2547607421875, 1665.1976318359375, 1548.8978271484375, 1752.483642578125], [1657.950439453125, 2084.731201171875, 1754.8863525390625, 2168.172607421875], [1598.0286865234375, 281.7362060546875, 1666.2073974609375, 367.82366943359375], [1338.276611328125, 1902.9359130859375, 1443.312255859375, 1976.9696044921875], [1427.1417236328125, 213.0999298095703, 1487.498779296875, 297.2040710449219], [205.1468963623047, 2119.82373046875, 296.76873779296875, 2219.8623046875], [1809.1591796875, 2114.031005859375, 1876.5799560546875, 2233.9521484375], [2045.835205078125, 479.7965393066406, 2103.228271484375, 545.0911254882812], [1397.6448974609375, 1820.1142578125, 1465.634521484375, 1877.9178466796875], [516.4610595703125, 289.4843444824219, 570.303466796875, 352.0949401855469], [2044.2587890625, 478.42431640625, 2157.086669921875, 571.7979125976562], [2050.697021484375, 489.8332214355469, 2209.619873046875, 611.9122924804688], [1362.6141357421875, 1813.1346435546875, 1465.2625732421875, 1879.5985107421875], [1693.0718994140625, 326.0565490722656, 1743.333251953125, 390.835693359375], [167.94639587402344, 1944.0447998046875, 236.19287109375, 2007.5885009765625], [2045.6025390625, 475.74859619140625, 2130.287841796875, 550.5070190429688]]}