{"labels": [0, 0, 0, 0, 0, 0, 0, 0, 0, 0, 0, 0, 0, 0, 0, 0, 0, 0, 0, 0, 0, 0, 0, 0, 0, 0, 0, 0, 0, 0, 0, 0, 0, 0, 0, 0, 0, 0, 0, 0], "scores": [0.8256173729896545, 0.7878589034080505, 0.78448486328125, 0.7791208028793335, 0.7760389447212219, 0.7475703358650208, 0.7407271265983582, 0.7372949719429016, 0.7354772090911865, 0.7289665341377258, 0.7272135019302368, 0.6957232356071472, 0.6903141736984253, 0.6886969804763794, 0.6846621632575989, 0.6609119772911072, 0.6387746930122375, 0.6274952292442322, 0.6242836713790894, 0.5613358616828918, 0.13916277885437012, 0.10750747472047806, 0.10411485284566879, 0.1004941314458847, 0.09941529482603073, 0.0890684649348259, 0.08528706431388855, 0.07891783863306046, 0.07304912805557251, 0.07100236415863037, 0.07052939385175705, 0.06029120832681656, 0.05731582269072533, 0.05722222477197647, 0.05491199716925621, 0.05353137478232384, 0.05236510932445526, 0.05156422778964043, 0.051279351115226746, 0.0502561554312706], "bboxes": [[1758.519775390625, 1480.0809326171875, 1906.3817138671875, 1606.135986328125], [1430.1024169921875, 1536.5604248046875, 1578.2987060546875, 1668.4619140625], [843.6008911132812, 713.6766357421875, 964.3583984375, 859.5873413085938], [1481.783447265625, 1198.0106201171875, 1613.8360595703125, 1355.9681396484375], [1369.6717529296875, 396.6330261230469, 1512.8497314453125, 554.9425659179688], [1299.2586669921875, 106.37969970703125, 1403.5419921875, 220.8939971923828], [973.5206298828125, 642.360107421875, 1100.1563720703125, 767.714599609375], [1110.4334716796875, 563.8916625976562, 1225.547119140625, 698.3712158203125], [568.861328125, 905.13818359375, 667.8389892578125, 1026.6434326171875], [1276.6083984375, 1264.7843017578125, 1419.495361328125, 1392.7161865234375], [1130.3861083984375, 1010.6249389648438, 1259.838134765625, 1131.9915771484375], [2368.90673828125, 1986.5955810546875, 2475.932861328125, 2102.607666015625], [2225.8671875, 2061.804443359375, 2348.846435546875, 2183.832275390625], [1246.6578369140625, 491.2471618652344, 1361.334228515625, 623.2366943359375], [679.330322265625, 808.5765380859375, 805.1456909179688, 950.3204956054688], [1207.978515625, 1134.0352783203125, 1341.3309326171875, 1255.944580078125], [1591.9703369140625, 1796.188720703125, 1714.3560791015625, 1930.770751953125], [1728.4443359375, 2155.937744140625, 1858.943603515625, 2280.156494140625], [442.46270751953125, 985.8916015625, 534.9984741210938, 1088.2091064453125], [1995.8912353515625, 1975.5777587890625, 2088.405517578125, 2064.4560546875], [573.2442626953125, 903.29833984375, 728.8015747070312, 1031.6287841796875], [449.1385803222656, 944.8770751953125, 536.7838745117188, 1074.5838623046875], [685.3895874023438, 785.1753540039062, 779.9567260742188, 885.5055541992188], [1721.9935302734375, 2124.89501953125, 1847.9810791015625, 2256.592529296875], [839.2424926757812, 692.325927734375, 933.349609375, 799.20263671875], [2495.56591796875, 2004.7877197265625, 2555.618896484375, 2138.53173828125], [1485.1190185546875, 1185.89892578125, 1599.8798828125, 1311.6717529296875], [2482.366943359375, 1970.5172119140625, 2554.677001953125, 2109.664794921875], [2458.7646484375, 1903.821533203125, 2557.360595703125, 2100.709716796875], [1239.2349853515625, 1127.991943359375, 1371.03857421875, 1257.4451904296875], [1371.8187255859375, 390.992919921875, 1481.1849365234375, 503.655029296875], [1239.24658203125, 92.7901611328125, 1383.4892578125, 202.61294555664062], [2440.022216796875, 1849.6160888671875, 2560.0, 2081.958984375], [473.42950439453125, 918.09716796875, 537.5945434570312, 1001.3892822265625], [1161.28369140625, 1108.38330078125, 1329.752685546875, 1251.7401123046875], [2252.230712890625, 2048.865966796875, 2366.925048828125, 2158.272216796875], [1489.7059326171875, 1174.7403564453125, 1571.8817138671875, 1261.808349609375], [491.7283630371094, 1871.984619140625, 598.4968872070312, 2002.1561279296875], [647.2784423828125, 720.3807983398438, 713.244384765625, 784.8790893554688], [969.5741577148438, 618.616943359375, 1069.4287109375, 733.3607788085938]]}