{"labels": [0, 0, 0, 0, 0, 0, 0, 0, 0, 0, 0, 0, 0, 0, 0, 0, 0, 0, 0, 0, 0, 0, 0, 0, 0, 0, 0, 0, 0, 0, 0, 0, 0, 0, 0, 0, 0, 0, 0, 0, 0, 0, 0, 0, 0, 0, 0, 0, 0, 0, 0, 0, 0, 0, 0, 0, 0, 0, 0, 0, 0, 0], "scores": [0.68466717004776, 0.6316373944282532, 0.5725347995758057, 0.5689823627471924, 0.5403733849525452, 0.4914257526397705, 0.48465386033058167, 0.44255298376083374, 0.43574804067611694, 0.4291371703147888, 0.4264841377735138, 0.3722590506076813, 0.34833911061286926, 0.33962482213974, 0.33285677433013916, 0.3318362832069397, 0.3062019646167755, 0.3015183210372925, 0.287357360124588, 0.27834656834602356, 0.27365243434906006, 0.24822162091732025, 0.23864281177520752, 0.23008868098258972, 0.2224089652299881, 0.21177883446216583, 0.18488389253616333, 0.1797797977924347, 0.15899714827537537, 0.15658167004585266, 0.15074720978736877, 0.1475875973701477, 0.142461895942688, 0.12469372898340225, 0.12416565418243408, 0.12271928042173386, 0.12214932590723038, 0.1202477514743805, 0.11900979280471802, 0.11394746601581573, 0.10948056727647781, 0.10520627349615097, 0.10188282281160355, 0.09266451746225357, 0.08895811438560486, 0.08214396983385086, 0.08057695627212524, 0.07852331548929214, 0.0781608521938324, 0.06903768330812454, 0.06793564558029175, 0.0676800087094307, 0.06707630306482315, 0.06688942760229111, 0.059890661388635635, 0.057975560426712036, 0.05718296766281128, 0.056732650846242905, 0.05506958067417145, 0.05287463217973709, 0.051384471356868744, 0.05051838234066963], "bboxes": [[295.7889099121094, 2026.355712890625, 412.2743835449219, 2147.127685546875], [372.4773864746094, 442.3925476074219, 611.6306762695312, 635.4064331054688], [432.579345703125, 1895.9407958984375, 524.0023803710938, 1973.527587890625], [1794.7047119140625, 275.7133483886719, 1898.2225341796875, 354.4435119628906], [531.7352294921875, 199.5152130126953, 597.6192016601562, 288.6191711425781], [2391.8193359375, 1348.873291015625, 2501.906494140625, 1467.1177978515625], [721.294677734375, 2041.744140625, 809.7272338867188, 2141.532958984375], [401.6377868652344, 2063.0810546875, 490.1051330566406, 2156.033935546875], [511.3895568847656, 2063.624755859375, 597.3624267578125, 2150.808837890625], [2458.998779296875, 1565.9818115234375, 2545.298828125, 1644.079345703125], [733.3497924804688, 194.96951293945312, 800.5230102539062, 274.7658386230469], [678.5574340820312, 201.12698364257812, 739.8551635742188, 278.05810546875], [1883.9822998046875, 1680.703125, 1965.2762451171875, 1772.6937255859375], [2419.958740234375, 1640.2998046875, 2505.2080078125, 1719.910400390625], [1973.8189697265625, 1676.4559326171875, 2059.217529296875, 1768.3729248046875], [2285.804443359375, 792.0621948242188, 2383.80419921875, 873.2474975585938], [308.4753112792969, 2435.107666015625, 406.18695068359375, 2518.635498046875], [1796.165283203125, 1687.0281982421875, 1876.8349609375, 1768.0679931640625], [683.9998779296875, 197.1300811767578, 773.69921875, 278.87408447265625], [2129.454833984375, 2124.083740234375, 2199.67431640625, 2211.96435546875], [0.0, 450.9970397949219, 66.05948638916016, 544.0082397460938], [646.3049926757812, 288.0529479980469, 719.933349609375, 358.0657043457031], [2004.1796875, 2005.128173828125, 2076.482421875, 2103.823974609375], [818.4418334960938, 2065.772216796875, 903.3712768554688, 2160.295654296875], [2487.959228515625, 499.4606018066406, 2557.114990234375, 582.436279296875], [2485.076904296875, 1810.2723388671875, 2557.311279296875, 1924.538330078125], [376.0959167480469, 812.97021484375, 464.8029479980469, 894.0436401367188], [742.9939575195312, 1632.5882568359375, 806.9571533203125, 1733.2884521484375], [2420.0458984375, 1601.302490234375, 2533.722412109375, 1717.4462890625], [2293.751708984375, 868.47607421875, 2421.670166015625, 944.8438720703125], [2444.879638671875, 1632.025146484375, 2552.263427734375, 1732.578369140625], [1959.963134765625, 426.61114501953125, 2044.46484375, 507.703369140625], [1639.578369140625, 1934.2606201171875, 1712.7515869140625, 2027.2034912109375], [2448.468994140625, 1570.2730712890625, 2550.49169921875, 1689.5748291015625], [157.08058166503906, 519.4312133789062, 213.8490753173828, 586.5733642578125], [2186.168701171875, 2172.845458984375, 2268.416748046875, 2246.583984375], [811.5238037109375, 1647.834228515625, 873.2908325195312, 1726.6741943359375], [637.9046630859375, 211.4886932373047, 734.5498046875, 296.42291259765625], [677.0206909179688, 1660.1201171875, 747.2617797851562, 1728.927978515625], [244.24485778808594, 497.22833251953125, 335.7824401855469, 570.8536376953125], [2469.088134765625, 1645.5174560546875, 2556.835205078125, 1743.1717529296875], [1716.0865478515625, 410.2751159667969, 1774.4195556640625, 471.6520080566406], [616.2711181640625, 438.51861572265625, 733.699951171875, 543.8330688476562], [1514.3585205078125, 340.8206481933594, 1556.5762939453125, 447.34112548828125], [2279.885986328125, 804.9374389648438, 2392.6220703125, 918.5408325195312], [242.46836853027344, 472.0912780761719, 374.5440979003906, 575.0238647460938], [336.8321838378906, 427.13916015625, 559.5111694335938, 608.6336669921875], [2160.621337890625, 2156.179443359375, 2257.941162109375, 2250.4130859375], [2140.1748046875, 2132.251220703125, 2260.090576171875, 2235.48486328125], [1811.7156982421875, 1680.220947265625, 1945.3173828125, 1774.01953125], [2124.545654296875, 504.3673400878906, 2200.6884765625, 584.408935546875], [370.8879089355469, 407.7891540527344, 489.882568359375, 495.1392517089844], [405.5499267578125, 213.8286895751953, 454.4859313964844, 268.0256042480469], [273.9002990722656, 442.9998474121094, 384.311279296875, 564.6261596679688], [2192.111083984375, 579.0869750976562, 2265.722900390625, 651.259033203125], [2126.808837890625, 2107.39013671875, 2236.972900390625, 2217.182373046875], [2262.298583984375, 1349.63037109375, 2343.04638671875, 1423.8914794921875], [2415.128173828125, 1643.5078125, 2541.080810546875, 1751.94921875], [371.934326171875, 2035.1734619140625, 485.76275634765625, 2155.350341796875], [944.2308959960938, 1838.8404541015625, 1066.2464599609375, 1965.8778076171875], [2089.632568359375, 2123.576171875, 2138.399658203125, 2198.591552734375], [228.2498016357422, 338.8559265136719, 316.8034362792969, 396.49951171875]]}