{"labels": [0, 0, 0, 0, 0, 0, 0, 0, 0, 0], "scores": [0.9999713897705078, 0.9999657869338989, 0.9999531507492065, 0.999934196472168, 0.9999254941940308, 0.9998985528945923, 0.9998619556427002, 0.9998618364334106, 0.9998094439506531, 0.9805154800415039], "bboxes": [[3433.8720703125, 783.9421997070312, 3728.524658203125, 1183.298095703125], [3350.07568359375, 123.23880004882812, 3697.8115234375, 385.2227478027344], [700.6962890625, 1136.78271484375, 1020.6638793945312, 1392.2357177734375], [3095.5009765625, 887.684326171875, 3426.95703125, 1146.65283203125], [4413.28466796875, 546.6211547851562, 4743.794921875, 822.6572265625], [2360.998291015625, 159.875244140625, 2603.18994140625, 386.3506774902344], [1908.122802734375, 1629.4285888671875, 2107.724365234375, 1838.90478515625], [4131.6015625, 1242.272216796875, 4361.79833984375, 1470.649658203125], [1901.351318359375, 1305.1943359375, 2104.159912109375, 1515.929443359375], [1140.508056640625, 288.0274963378906, 1303.44580078125, 432.2342529296875]]}