{"labels": [0, 0, 0, 0, 0, 0, 0, 0, 0], "scores": [0.9997532963752747, 0.9997252821922302, 0.9995794892311096, 0.9995682835578918, 0.9993782043457031, 0.9993512034416199, 0.9990758895874023, 0.9892117977142334, 0.9423373341560364], "bboxes": [[1475.5391845703125, 830.2732543945312, 1594.933349609375, 954.7099609375], [1166.336669921875, 284.93072509765625, 1294.4422607421875, 423.3257751464844], [1304.4232177734375, 369.4769592285156, 1435.0826416015625, 509.7997131347656], [1026.590576171875, 197.54623413085938, 1155.416748046875, 338.0657653808594], [788.9697265625, 288.3025207519531, 899.3472900390625, 399.7944030761719], [1442.6741943359375, 454.45489501953125, 1577.66650390625, 586.6026611328125], [1639.3587646484375, 695.9437866210938, 1744.2884521484375, 826.9381103515625], [1864.998046875, 1717.4573974609375, 1978.6156005859375, 1848.865234375], [2098.515380859375, 1866.716796875, 2206.038330078125, 1976.7418212890625]]}