{"labels": [0, 0, 0, 0, 0, 0, 0, 0, 0, 0, 0, 0], "scores": [0.9999837875366211, 0.9999798536300659, 0.999958872795105, 0.9999557733535767, 0.9999525547027588, 0.9999524354934692, 0.9999487400054932, 0.9999432563781738, 0.9999395608901978, 0.9999254941940308, 0.9999079704284668, 0.9998694658279419], "bboxes": [[4384.23486328125, 133.10890197753906, 4800.0, 563.490234375], [4269.1572265625, 1290.4779052734375, 4534.80029296875, 1600.864990234375], [1469.1636962890625, 1453.1954345703125, 1947.6510009765625, 1994.3121337890625], [1980.145263671875, 1408.6861572265625, 2463.14794921875, 1968.155517578125], [96.9627914428711, 764.9763793945312, 313.9661865234375, 950.9942626953125], [443.0472412109375, 1454.11474609375, 935.1492309570312, 1959.0994873046875], [3958.130859375, 1296.622802734375, 4226.71630859375, 1589.6185302734375], [0.0, 1461.181884765625, 394.2608947753906, 1941.636474609375], [2918.680908203125, 178.66500854492188, 3188.2685546875, 491.88421630859375], [962.5007934570312, 1395.0623779296875, 1440.7506103515625, 1952.927001953125], [2314.82373046875, 69.65145111083984, 2769.468017578125, 580.3072509765625], [157.70883178710938, 270.1650695800781, 368.1197204589844, 482.4683837890625]]}