{"labels": [0, 0, 0, 0, 0, 0, 0, 0, 0, 0], "scores": [0.9999799728393555, 0.9999524354934692, 0.9999508857727051, 0.9999481439590454, 0.999929666519165, 0.9999241828918457, 0.9999217987060547, 0.9999027252197266, 0.9998787641525269, 0.9954583644866943], "bboxes": [[3019.2705078125, 2369.337646484375, 3294.6806640625, 2600.13916015625], [750.6983032226562, 581.9326171875, 1114.3575439453125, 973.2037963867188], [4132.93994140625, 2379.055419921875, 4365.21533203125, 2593.994384765625], [3873.837158203125, 2368.028076171875, 4098.50146484375, 2579.13525390625], [3334.66650390625, 2342.282958984375, 3595.577880859375, 2600.01025390625], [718.9550170898438, 1073.7261962890625, 1151.6517333984375, 1490.548095703125], [1718.5931396484375, 480.68017578125, 2201.728759765625, 901.3108520507812], [3958.519287109375, 0.0, 4188.72802734375, 190.09278869628906], [3623.187744140625, 2372.865966796875, 3844.575439453125, 2587.310546875], [3099.19287109375, 33.33786392211914, 4088.003662109375, 1545.3201904296875]]}