{"labels": [0, 0, 0, 0, 0, 0, 0, 0, 0, 0, 0, 0, 0], "scores": [0.9997852444648743, 0.9996176958084106, 0.9993778467178345, 0.9939823746681213, 0.9853562712669373, 0.9701012372970581, 0.9445971250534058, 0.7875151038169861, 0.41835668683052063, 0.3436793088912964, 0.3122505247592926, 0.12475670874118805, 0.05858265981078148], "bboxes": [[569.2621459960938, 431.00323486328125, 719.206787109375, 572.5436401367188], [542.1012573242188, 1414.0828857421875, 669.6718139648438, 1518.3416748046875], [2112.376220703125, 514.5390014648438, 2229.70361328125, 620.7737426757812], [318.9278259277344, 1757.7935791015625, 460.318603515625, 1883.597900390625], [1180.122314453125, 107.96004486083984, 1279.3612060546875, 209.53286743164062], [209.8140106201172, 1824.8726806640625, 322.4983825683594, 1925.1429443359375], [804.9669189453125, 848.3410034179688, 929.1212158203125, 943.8369140625], [1690.8062744140625, 315.5623779296875, 1767.366455078125, 402.9636535644531], [1425.014892578125, 204.69021606445312, 1497.4039306640625, 298.5168762207031], [1337.425537109375, 1886.2437744140625, 1441.6173095703125, 1989.8211669921875], [1606.0155029296875, 290.8961486816406, 1663.124267578125, 355.9305114746094], [1521.5615234375, 255.8500518798828, 1578.369384765625, 320.36260986328125], [1650.9453125, 728.788330078125, 1772.575439453125, 819.6527709960938]]}