{"labels": [0, 0, 0, 0, 0, 0, 0, 0], "scores": [0.9996930360794067, 0.9996519088745117, 0.9748721122741699, 0.6472959518432617, 0.2810215950012207, 0.12038657069206238, 0.07652121037244797, 0.07579895108938217], "bboxes": [[835.359375, 725.4623413085938, 961.9509887695312, 854.1771850585938], [674.41357421875, 584.9992065429688, 806.7053833007812, 727.603759765625], [287.6236267089844, 523.41162109375, 427.4505310058594, 630.4733276367188], [2333.844482421875, 811.5800170898438, 2428.958251953125, 884.29833984375], [2298.296630859375, 244.13638305664062, 2403.623291015625, 309.81744384765625], [1809.09375, 698.399658203125, 1875.5887451171875, 785.8909912109375], [1723.1044921875, 714.12060546875, 1785.3072509765625, 788.9880981445312], [325.63214111328125, 429.787353515625, 477.1822814941406, 525.8207397460938]]}