{"labels": [0, 0, 0, 0, 0, 0, 0, 0, 0, 0, 0, 0, 0, 0, 0], "scores": [0.9999938011169434, 0.9999854564666748, 0.9999784231185913, 0.9999731779098511, 0.9999721050262451, 0.9999696016311646, 0.999956488609314, 0.999875545501709, 0.9998652935028076, 0.9998403787612915, 0.9998276233673096, 0.9998151659965515, 0.999504804611206, 0.9992996454238892, 0.9986516833305359], "bboxes": [[2125.650146484375, 159.59426879882812, 3365.2978515625, 1523.871337890625], [1341.6683349609375, 710.7726440429688, 2109.039794921875, 1461.9169921875], [3349.19921875, 611.9068603515625, 4157.953125, 1486.7386474609375], [3611.156982421875, 2139.11865234375, 4002.994873046875, 2389.208984375], [2125.971435546875, 2167.3310546875, 2514.847412109375, 2444.515625], [4162.1953125, 797.5317993164062, 4728.6787109375, 1469.383056640625], [250.39431762695312, 575.9194946289062, 1250.813720703125, 1521.36572265625], [3389.283203125, 2187.16064453125, 3574.1865234375, 2343.716552734375], [3982.18505859375, 2126.854248046875, 4436.8232421875, 2615.77978515625], [1774.182373046875, 2171.781982421875, 2063.45751953125, 2410.712646484375], [2928.571533203125, 2209.892822265625, 3165.59375, 2382.66943359375], [2560.55419921875, 2251.536376953125, 2770.734375, 2460.44677734375], [1456.90625, 2168.1171875, 1700.1214599609375, 2401.69189453125], [4461.45703125, 2146.15380859375, 4800.0, 2588.27734375], [3191.93896484375, 2184.774658203125, 3339.12353515625, 2420.200439453125]]}