{"labels": [0, 0, 0, 0, 0, 0, 0, 0, 0, 0], "scores": [0.9987558126449585, 0.9987418055534363, 0.9954497218132019, 0.9927083849906921, 0.9527548551559448, 0.9162352085113525, 0.6472185254096985, 0.2810589075088501, 0.17594431340694427, 0.14102229475975037], "bboxes": [[529.5725708007812, 1417.4412841796875, 666.38232421875, 1522.171142578125], [1890.9019775390625, 1370.0863037109375, 2004.2972412109375, 1467.08642578125], [956.958984375, 30.23133659362793, 1058.6463623046875, 118.9039077758789], [1850.0777587890625, 1485.1375732421875, 1950.873046875, 1582.798095703125], [625.5270385742188, 1182.824462890625, 770.1073608398438, 1286.5703125], [1658.6298828125, 2082.02490234375, 1755.6697998046875, 2169.749755859375], [2115.6015625, 515.7931518554688, 2219.537109375, 621.58203125], [1544.609619140625, 2159.0947265625, 1664.40625, 2260.922607421875], [816.2653198242188, 852.3424682617188, 931.2616577148438, 947.9843139648438], [1663.3955078125, 2431.466552734375, 1735.5924072265625, 2501.475341796875]]}