{"labels": [0, 0, 0, 0, 0, 0, 0, 0, 0, 0, 0, 0, 0, 0, 0, 0, 0, 0, 0, 0], "scores": [0.9998365640640259, 0.9997249245643616, 0.9996975660324097, 0.9995923638343811, 0.999523401260376, 0.9994933605194092, 0.999299168586731, 0.9992795586585999, 0.9992446899414062, 0.999082088470459, 0.9988841414451599, 0.9986748695373535, 0.9982690811157227, 0.9975111484527588, 0.995755672454834, 0.9895527362823486, 0.9853728413581848, 0.8946422934532166, 0.7855961322784424, 0.7138417363166809], "bboxes": [[1761.6263427734375, 1481.52099609375, 1908.7021484375, 1609.94580078125], [1480.2403564453125, 1200.333740234375, 1616.931396484375, 1357.36279296875], [2215.199951171875, 2058.083251953125, 2359.86767578125, 2187.26806640625], [1364.5355224609375, 389.4250793457031, 1525.12646484375, 560.6598510742188], [1106.9520263671875, 562.4048461914062, 1242.062744140625, 701.1209716796875], [2374.995849609375, 1985.2078857421875, 2475.382568359375, 2102.69189453125], [970.2892456054688, 641.9395141601562, 1103.828125, 775.201416015625], [669.3521728515625, 799.7570190429688, 821.23046875, 957.4691772460938], [839.5407104492188, 703.6310424804688, 966.9364624023438, 854.07177734375], [1279.4554443359375, 1251.8472900390625, 1421.769775390625, 1395.1883544921875], [1246.5869140625, 488.5238952636719, 1366.730712890625, 618.6989135742188], [570.9752197265625, 899.2293090820312, 684.13134765625, 1032.5634765625], [1300.0599365234375, 97.77330780029297, 1405.1610107421875, 218.6489715576172], [1592.183837890625, 1796.2183837890625, 1714.2947998046875, 1939.9398193359375], [1130.6614990234375, 999.5802612304688, 1261.897705078125, 1141.2899169921875], [1202.167236328125, 1141.3389892578125, 1346.4691162109375, 1249.0814208984375], [1429.2303466796875, 1531.112060546875, 1579.1728515625, 1678.968017578125], [444.0802307128906, 985.22119140625, 541.0057983398438, 1087.5147705078125], [1996.0875244140625, 1979.76953125, 2089.384765625, 2065.306396484375], [1722.2373046875, 2154.102294921875, 1863.7127685546875, 2276.150634765625]]}