{"labels": [0, 0, 0, 0, 0, 0, 0, 0, 0, 0, 0, 0, 0, 0, 0, 0, 0, 0, 0, 0, 0, 0], "scores": [0.999477207660675, 0.9990028738975525, 0.9908722043037415, 0.98456209897995, 0.9797343611717224, 0.9737306833267212, 0.8536869287490845, 0.8306657671928406, 0.8102530837059021, 0.5459235310554504, 0.4244890809059143, 0.2743431329727173, 0.2633589506149292, 0.24254371225833893, 0.19691291451454163, 0.17187264561653137, 0.1633402407169342, 0.15885266661643982, 0.11946864426136017, 0.09341584891080856, 0.07758801430463791, 0.07115557044744492], "bboxes": [[369.94580078125, 445.19677734375, 610.2945556640625, 632.2711181640625], [296.34124755859375, 2025.6072998046875, 431.6739807128906, 2154.404541015625], [431.7494812011719, 1902.352783203125, 526.2987670898438, 1973.6278076171875], [2464.823486328125, 1564.1263427734375, 2548.686279296875, 1640.914306640625], [2418.345947265625, 1645.3846435546875, 2496.99755859375, 1720.7802734375], [1795.8583984375, 278.67010498046875, 1896.9095458984375, 353.9173278808594], [514.3529663085938, 2069.159912109375, 600.2606201171875, 2162.92919921875], [2395.145751953125, 1354.156494140625, 2500.121826171875, 1459.4168701171875], [728.6436767578125, 198.39321899414062, 800.3961791992188, 273.9427185058594], [647.2494506835938, 293.9422302246094, 718.546142578125, 356.6548156738281], [617.7569580078125, 435.4496765136719, 737.2901611328125, 533.8378295898438], [538.7568359375, 205.76329040527344, 595.3241577148438, 286.5008239746094], [1972.7235107421875, 1676.642822265625, 2063.65283203125, 1766.8587646484375], [682.3236083984375, 210.00010681152344, 739.1388549804688, 278.03564453125], [177.05552673339844, 1548.56689453125, 311.2568054199219, 1660.4373779296875], [390.8209533691406, 2055.614013671875, 485.21588134765625, 2165.318115234375], [723.4695434570312, 2038.5927734375, 803.6055908203125, 2143.660888671875], [306.4886779785156, 2440.09814453125, 412.9019470214844, 2520.45751953125], [1883.0068359375, 1681.466064453125, 1962.5885009765625, 1771.083984375], [156.1529083251953, 1472.9520263671875, 311.5967102050781, 1679.7410888671875], [144.3192138671875, 1542.3875732421875, 336.6060485839844, 1709.501953125], [2264.12548828125, 1352.7386474609375, 2345.566162109375, 1421.275634765625]]}