{"labels": [0, 0, 0, 0, 0, 0, 0, 0, 0, 0, 0, 0], "scores": [0.9988407492637634, 0.9883573651313782, 0.9839353561401367, 0.9763489961624146, 0.9368939995765686, 0.9355855584144592, 0.836151659488678, 0.7364659309387207, 0.5924088358879089, 0.5856522917747498, 0.3068348169326782, 0.04896137863397598], "bboxes": [[3086.826171875, 881.5503540039062, 3392.426025390625, 1169.4906005859375], [1900.3428955078125, 1639.4566650390625, 2099.188720703125, 1850.583740234375], [707.0982055664062, 1138.44873046875, 1015.1424560546875, 1401.7198486328125], [2362.36328125, 158.651611328125, 2615.75146484375, 398.00555419921875], [4128.73779296875, 1244.8563232421875, 4375.40185546875, 1453.8087158203125], [4423.716796875, 554.2998046875, 4750.9052734375, 830.4631958007812], [3337.825439453125, 125.5549545288086, 3704.4287109375, 380.94580078125], [1148.1097412109375, 285.3612060546875, 1315.61376953125, 432.7580871582031], [1900.6309814453125, 1293.624267578125, 2115.3447265625, 1511.38232421875], [3414.2060546875, 797.929931640625, 3723.3564453125, 1187.73876953125], [2098.9072265625, 2063.592041015625, 2187.856689453125, 2150.53564453125], [1955.5703125, 142.22036743164062, 2094.599609375, 283.0978088378906]]}