{"labels": [0, 0, 0, 0, 0, 0, 0, 0, 0, 0, 0, 0, 0, 0, 0, 0, 0, 0, 0, 0, 0, 0, 0, 0], "scores": [0.9930753707885742, 0.9884541630744934, 0.9850943088531494, 0.9693135619163513, 0.9666444063186646, 0.9611690044403076, 0.8003637194633484, 0.7157837748527527, 0.5078835487365723, 0.233387753367424, 0.18744757771492004, 0.18582946062088013, 0.14873573184013367, 0.12042108178138733, 0.07200727611780167, 0.04817929491400719, 0.036478012800216675, 0.03257456049323082, 0.0307018980383873, 0.0285367239266634, 0.02698998525738716, 0.022817837074398994, 0.0215108972042799, 0.020526263862848282], "bboxes": [[1164.431640625, 264.648681640625, 1271.199951171875, 424.8638916015625], [1637.527099609375, 692.312744140625, 1736.273193359375, 819.48095703125], [1442.691162109375, 453.79962158203125, 1570.160888671875, 614.2450561523438], [1026.9151611328125, 200.1679229736328, 1130.6219482421875, 352.82867431640625], [1303.2457275390625, 342.77166748046875, 1412.6385498046875, 493.72479248046875], [812.3229370117188, 283.83612060546875, 895.2245483398438, 405.74908447265625], [1960.018798828125, 1772.987060546875, 2052.8779296875, 1915.074951171875], [2195.95703125, 1950.0953369140625, 2273.91357421875, 2059.8193359375], [1491.698486328125, 826.966064453125, 1581.08154296875, 952.44970703125], [2197.697265625, 2376.83056640625, 2290.5400390625, 2472.6923828125], [1874.529541015625, 1720.7923583984375, 1975.023193359375, 1856.0574951171875], [2089.6708984375, 1849.46337890625, 2190.92822265625, 1990.14453125], [1908.2034912109375, 1761.362548828125, 2002.0782470703125, 1897.309326171875], [2328.482421875, 2009.01220703125, 2399.3359375, 2097.6435546875], [1183.2042236328125, 1330.03857421875, 1251.2850341796875, 1441.02587890625], [1589.529541015625, 1597.1278076171875, 1658.739501953125, 1697.1343994140625], [1409.70166015625, 59.0014533996582, 1458.919921875, 137.9561309814453], [901.6646728515625, 746.3167114257812, 979.689697265625, 828.0631713867188], [1685.40283203125, 1620.9420166015625, 1754.07958984375, 1715.0677490234375], [1367.7315673828125, 26.589046478271484, 1418.2874755859375, 106.22383117675781], [756.7722778320312, 694.3434448242188, 815.8136596679688, 760.1494750976562], [2148.387451171875, 1872.1593017578125, 2224.859619140625, 1974.3162841796875], [1751.6434326171875, 1712.9827880859375, 1819.2947998046875, 1815.4388427734375], [1416.2972412109375, 187.79635620117188, 1522.6641845703125, 321.7469177246094]]}