{"labels": [0, 0, 0, 0, 0, 0, 0, 0, 0, 0, 0, 0, 0], "scores": [0.9999889135360718, 0.9999316930770874, 0.999915361404419, 0.9999122619628906, 0.9993762373924255, 0.978181779384613, 0.9764968752861023, 0.964593768119812, 0.9628053307533264, 0.9344974756240845, 0.5295994877815247, 0.21670383214950562, 0.031123578548431396], "bboxes": [[1980.4268798828125, 1408.9334716796875, 2472.992431640625, 1975.0186767578125], [2303.29736328125, 68.3056869506836, 2795.943603515625, 593.5027465820312], [1466.989013671875, 1450.271728515625, 1956.21923828125, 1991.4578857421875], [440.6458740234375, 1483.31640625, 922.9473876953125, 1933.8984375], [971.1370239257812, 1418.2147216796875, 1448.3916015625, 1950.0108642578125], [4265.69189453125, 1296.6270751953125, 4533.28515625, 1597.3292236328125], [3969.72509765625, 1295.7685546875, 4240.00732421875, 1601.846923828125], [0.0, 1483.4366455078125, 412.42401123046875, 1922.036376953125], [84.847900390625, 759.9674072265625, 320.4087219238281, 976.135498046875], [4372.744140625, 127.20707702636719, 4790.076171875, 560.0123901367188], [2915.127685546875, 146.4387664794922, 3205.7421875, 513.5413208007812], [155.14007568359375, 245.14312744140625, 341.9845275878906, 463.2532958984375], [988.4508056640625, 736.8279418945312, 1188.4783935546875, 931.6973876953125]]}