{"labels": [0, 0, 0, 0, 0, 0, 0, 0, 0, 0, 0, 0, 0, 0, 0], "scores": [0.9993071556091309, 0.9984562397003174, 0.9970128536224365, 0.7872750759124756, 0.7019020318984985, 0.6151967644691467, 0.6003471612930298, 0.5791850686073303, 0.5569261908531189, 0.4213228225708008, 0.03806176036596298, 0.036620043218135834, 0.030699148774147034, 0.025760933756828308, 0.02224322408437729], "bboxes": [[728.1385498046875, 1058.703125, 1162.2247314453125, 1495.1151123046875], [1716.6810302734375, 479.5439758300781, 2209.763916015625, 908.2525634765625], [4117.78515625, 2386.367919921875, 4358.3837890625, 2597.87646484375], [738.3040161132812, 587.2177124023438, 1127.2113037109375, 975.521484375], [3033.426025390625, 2370.6884765625, 3330.768798828125, 2589.072509765625], [3359.27880859375, 2373.17236328125, 3637.888916015625, 2584.190185546875], [3874.8349609375, 2382.55517578125, 4100.095703125, 2580.413330078125], [3628.65185546875, 2375.601318359375, 3894.17041015625, 2583.119384765625], [3949.4375, 0.0, 4191.72900390625, 140.57481384277344], [1549.0897216796875, 102.87242889404297, 2043.47216796875, 547.2625122070312], [3810.587890625, 148.74783325195312, 4121.568359375, 454.20806884765625], [1635.18115234375, 1206.3070068359375, 1965.9644775390625, 1483.02392578125], [4030.2158203125, 0.0, 4287.9248046875, 164.1358642578125], [3058.7724609375, 18.631206512451172, 3576.4990234375, 328.19818115234375], [3017.63134765625, 55.542686462402344, 4132.0693359375, 1477.3460693359375]]}