{"labels": [0, 0, 0, 0, 0, 0, 0, 0, 0, 0, 0, 0, 0, 0, 0, 0, 0, 0, 0, 0, 0, 0, 0, 0, 0, 0, 0, 0, 0, 0, 0, 0, 0, 0, 0, 0, 0, 0, 0, 0, 0, 0, 0, 0, 0, 0], "scores": [0.9808611273765564, 0.9659951329231262, 0.960787832736969, 0.9471423625946045, 0.9466946125030518, 0.9088141322135925, 0.832423746585846, 0.8202117085456848, 0.7066570520401001, 0.583873450756073, 0.5570420622825623, 0.5220960974693298, 0.34305158257484436, 0.315606951713562, 0.2527710497379303, 0.2515261471271515, 0.24453693628311157, 0.23657259345054626, 0.15253432095050812, 0.13289563357830048, 0.12242252379655838, 0.11189022660255432, 0.10253190249204636, 0.09512878209352493, 0.08964315801858902, 0.06797577440738678, 0.046390946954488754, 0.04281432181596756, 0.042145341634750366, 0.040964338928461075, 0.0364377424120903, 0.03543246537446976, 0.03520796075463295, 0.033402279019355774, 0.030739465728402138, 0.030654646456241608, 0.0296939667314291, 0.028234316036105156, 0.0281697828322649, 0.027905773371458054, 0.02745693549513817, 0.02635909989476204, 0.025876246392726898, 0.022850841283798218, 0.020541224628686905, 0.02034677006304264], "bboxes": [[533.1466064453125, 1409.3282470703125, 654.453369140625, 1528.4508056640625], [1676.0242919921875, 320.7561340332031, 1765.0157470703125, 412.0983581542969], [1438.6949462890625, 1654.7034912109375, 1554.2066650390625, 1755.2359619140625], [1461.6173095703125, 238.3939666748047, 1530.5438232421875, 307.98236083984375], [2112.0751953125, 512.7265625, 2215.6337890625, 626.8687744140625], [809.2002563476562, 831.2597045898438, 917.2943725585938, 957.5114135742188], [1568.3695068359375, 257.5616149902344, 1639.0245361328125, 329.9121398925781], [1294.2933349609375, 1921.408447265625, 1405.7830810546875, 2016.01318359375], [1339.505615234375, 184.1653289794922, 1413.778076171875, 268.154541015625], [310.6358642578125, 1756.9970703125, 439.51495361328125, 1890.25830078125], [573.5625, 432.6980285644531, 707.261474609375, 578.9173583984375], [1161.0511474609375, 134.21664428710938, 1255.3953857421875, 227.7794189453125], [1336.516845703125, 1897.91357421875, 1447.708740234375, 1997.13427734375], [1653.0703125, 752.2160034179688, 1746.5283203125, 832.5390014648438], [1209.3094482421875, 2243.83154296875, 1303.8851318359375, 2337.58203125], [890.6802368164062, 368.4396667480469, 995.1823120117188, 469.7270812988281], [180.40283203125, 1936.1612548828125, 255.89962768554688, 2015.4058837890625], [1157.248046875, 749.6242065429688, 1250.787109375, 823.3472290039062], [1442.81640625, 998.3095092773438, 1529.832275390625, 1074.8331298828125], [1428.3114013671875, 204.67506408691406, 1501.2232666015625, 280.1783447265625], [200.56878662109375, 1810.142822265625, 292.2101135253906, 1909.98388671875], [1280.2762451171875, 2043.4969482421875, 1377.9449462890625, 2126.240478515625], [1027.0714111328125, 84.2955551147461, 1084.4945068359375, 150.38360595703125], [174.0864715576172, 1881.4891357421875, 260.958984375, 1973.2071533203125], [1667.2130126953125, 2399.7021484375, 1728.4117431640625, 2473.07861328125], [1526.1871337890625, 902.0872802734375, 1614.5633544921875, 978.8060302734375], [1402.8729248046875, 1170.7518310546875, 1484.8763427734375, 1246.0975341796875], [1189.8848876953125, 48.915809631347656, 1250.2559814453125, 123.51396942138672], [1000.106689453125, 100.89766693115234, 1069.456298828125, 178.68817138671875], [1022.3330688476562, 884.3285522460938, 1113.386962890625, 979.3953247070312], [1409.5130615234375, 1676.838134765625, 1539.3656005859375, 1785.7724609375], [1139.2354736328125, 675.1261596679688, 1230.1488037109375, 749.6431274414062], [1815.9979248046875, 2144.345947265625, 1886.4683837890625, 2240.913818359375], [445.98486328125, 198.6944122314453, 528.6456298828125, 289.6753845214844], [252.47592163085938, 1816.5147705078125, 356.6330871582031, 1943.8157958984375], [1762.585693359375, 2186.504638671875, 1828.681640625, 2272.128173828125], [1068.2694091796875, 866.1629638671875, 1176.8731689453125, 967.141845703125], [1704.428955078125, 1045.7564697265625, 1785.9287109375, 1113.2110595703125], [1645.41748046875, 2450.020263671875, 1704.625, 2520.820068359375], [1475.7132568359375, 938.4302368164062, 1559.5826416015625, 1006.4308471679688], [839.8724975585938, 419.86444091796875, 952.8259887695312, 529.2958374023438], [1798.283935546875, 2087.22900390625, 1884.65087890625, 2206.46826171875], [1633.61376953125, 2190.851806640625, 1705.200439453125, 2274.170654296875], [1084.8232421875, 684.9976196289062, 1200.5478515625, 787.2334594726562], [1346.11376953125, 1797.44091796875, 1432.249267578125, 1874.63134765625], [889.6583862304688, 457.8345031738281, 986.0059204101562, 554.487548828125]]}