{"labels": [0, 0, 0, 0, 0, 0, 0, 0, 0, 0, 0, 0, 0, 0, 0, 0, 0, 0, 0, 0, 0, 0, 0, 0, 0], "scores": [0.9768484830856323, 0.9692919254302979, 0.881963312625885, 0.8729829788208008, 0.6347329616546631, 0.5953421592712402, 0.44356608390808105, 0.40276390314102173, 0.37440115213394165, 0.37116652727127075, 0.3229643404483795, 0.23527021706104279, 0.13208454847335815, 0.12904736399650574, 0.11266686767339706, 0.08248478919267654, 0.06870333850383759, 0.06509719043970108, 0.06124940887093544, 0.05479143187403679, 0.03931419923901558, 0.03529921546578407, 0.03414807468652725, 0.03157651051878929, 0.02639087103307247], "bboxes": [[689.5524291992188, 580.9763793945312, 799.4412231445312, 731.5314331054688], [846.5972900390625, 736.671142578125, 958.3072509765625, 877.02294921875], [2320.477294921875, 748.5635375976562, 2399.736572265625, 819.9835815429688], [299.0059509277344, 509.07708740234375, 398.9840393066406, 612.3247680664062], [4.520648956298828, 1080.6795654296875, 76.97183227539062, 1221.7352294921875], [2253.738525390625, 473.5887451171875, 2326.363037109375, 535.552490234375], [318.28240966796875, 180.76104736328125, 411.6812744140625, 296.7489013671875], [1731.92578125, 689.5675659179688, 1798.71142578125, 793.7409057617188], [316.6837158203125, 284.8269958496094, 407.42279052734375, 385.8133239746094], [2487.37646484375, 501.22576904296875, 2552.6064453125, 567.9435424804688], [2495.457275390625, 530.7440185546875, 2557.176025390625, 599.3082275390625], [300.0251770019531, 465.79681396484375, 402.5091857910156, 572.3826293945312], [2324.639404296875, 338.2203674316406, 2389.995361328125, 399.8839416503906], [2.799570083618164, 130.43121337890625, 58.802833557128906, 214.8702392578125], [2267.640625, 330.7523193359375, 2336.31640625, 401.59722900390625], [460.6399230957031, 588.23388671875, 527.2177124023438, 674.7626953125], [2180.318115234375, 520.7239379882812, 2256.444091796875, 588.8272094726562], [1580.6683349609375, 19.18865966796875, 1846.3255615234375, 292.23291015625], [1628.520751953125, 686.5604858398438, 1697.083984375, 799.2662963867188], [48.72969055175781, 60.01771926879883, 104.6375732421875, 144.9466094970703], [398.84600830078125, 520.8438720703125, 477.46343994140625, 619.1046142578125], [2334.214111328125, 782.7732543945312, 2408.355712890625, 860.1493530273438], [2330.7412109375, 197.09130859375, 2398.853515625, 276.5158386230469], [2221.54736328125, 122.86204528808594, 2291.99951171875, 213.58518981933594], [890.8187255859375, 575.2574462890625, 965.669921875, 682.42724609375]]}