{"labels": [0, 0, 0, 0, 0, 0, 0, 0, 0, 0, 0, 0, 0, 0, 0, 0, 0], "scores": [0.9999827146530151, 0.9999746084213257, 0.9999533891677856, 0.9997424483299255, 0.9995251893997192, 0.9990967512130737, 0.97736656665802, 0.947467029094696, 0.9459598064422607, 0.9159107804298401, 0.8523721098899841, 0.7885505557060242, 0.7272799015045166, 0.3568684756755829, 0.13530874252319336, 0.07714734971523285, 0.028260597959160805], "bboxes": [[245.60040283203125, 644.5863647460938, 1263.7119140625, 1520.2685546875], [2125.887939453125, 134.62689208984375, 3359.15576171875, 1521.2349853515625], [4176.9169921875, 772.2891235351562, 4730.654296875, 1477.5643310546875], [1341.5687255859375, 688.1802978515625, 2095.2900390625, 1484.23681640625], [3345.97021484375, 613.3980712890625, 4163.81689453125, 1494.098388671875], [3994.96533203125, 2150.48046875, 4431.95751953125, 2607.759765625], [1449.455322265625, 2160.1357421875, 1708.7132568359375, 2421.104248046875], [1759.22900390625, 2182.304443359375, 2076.581787109375, 2416.4140625], [4491.021484375, 2116.635009765625, 4800.0, 2613.599365234375], [3363.435546875, 2185.31201171875, 3589.843994140625, 2363.947021484375], [3612.02294921875, 2137.56689453125, 4017.837890625, 2399.35009765625], [2913.077392578125, 2203.115234375, 3164.795166015625, 2393.15087890625], [2457.071044921875, 2230.74462890625, 2727.46240234375, 2443.404296875], [2160.095458984375, 2184.489501953125, 2535.066650390625, 2456.558837890625], [2858.75048828125, 2243.19873046875, 3107.9638671875, 2436.03076171875], [3153.718994140625, 2208.80908203125, 3356.812255859375, 2378.947265625], [3312.59765625, 2239.942138671875, 3551.95849609375, 2393.53759765625]]}