{"labels": [0, 0, 0, 0, 0, 0, 0, 0, 0, 0, 0, 0, 0, 0, 0, 0, 0, 0, 0, 0, 0, 0, 0, 0, 0, 0, 0, 0, 0, 0, 0, 0, 0, 0, 0, 0, 0, 0, 0, 0, 0, 0, 0, 0], "scores": [0.9717341661453247, 0.9628233313560486, 0.9550873637199402, 0.9489948749542236, 0.9380438327789307, 0.9313627481460571, 0.9214338064193726, 0.8740512132644653, 0.8532963395118713, 0.8452741503715515, 0.7591108679771423, 0.7352986931800842, 0.5115928053855896, 0.43822187185287476, 0.3694103956222534, 0.3420135974884033, 0.28724732995033264, 0.2548234760761261, 0.2402152121067047, 0.15964028239250183, 0.14403603971004486, 0.11282576620578766, 0.10038168728351593, 0.09671854227781296, 0.06114702671766281, 0.05872105062007904, 0.052874282002449036, 0.04838618263602257, 0.04298914223909378, 0.038323450833559036, 0.035647884011268616, 0.03262804076075554, 0.031933289021253586, 0.029947349801659584, 0.029846902936697006, 0.028396591544151306, 0.028187783434987068, 0.027717681601643562, 0.025736600160598755, 0.024370569735765457, 0.023340538144111633, 0.022930948063731194, 0.021126307547092438, 0.020459763705730438], "bboxes": [[524.4990844726562, 1400.8095703125, 656.4017944335938, 1521.4130859375], [2125.52197265625, 517.94091796875, 2206.26123046875, 626.0035400390625], [1439.2847900390625, 1671.1202392578125, 1555.7440185546875, 1761.9571533203125], [808.976318359375, 844.2798461914062, 912.2255859375, 959.0546264648438], [1563.801025390625, 2163.564453125, 1651.982421875, 2267.2451171875], [1891.6962890625, 1365.2374267578125, 2003.333251953125, 1479.8253173828125], [1595.409423828125, 267.03619384765625, 1677.035888671875, 355.442626953125], [1421.8912353515625, 224.68478393554688, 1499.4796142578125, 307.7539367675781], [631.4907836914062, 1156.2744140625, 760.7609252929688, 1271.61181640625], [969.99267578125, 28.030921936035156, 1065.3681640625, 122.6863021850586], [1750.301513671875, 2367.919189453125, 1809.272705078125, 2442.833740234375], [1855.1331787109375, 1516.902587890625, 1945.2938232421875, 1602.1669921875], [1666.9505615234375, 2081.432861328125, 1760.1712646484375, 2174.290771484375], [1644.7078857421875, 2395.900146484375, 1706.6746826171875, 2472.122314453125], [1390.265869140625, 200.6034393310547, 1465.449951171875, 281.2706298828125], [948.0594482421875, 21.889442443847656, 1016.4974365234375, 113.4034652709961], [182.47694396972656, 2102.99267578125, 272.1742248535156, 2211.31884765625], [178.63543701171875, 1938.357666015625, 251.23989868164062, 2028.54833984375], [877.8736572265625, 366.8557434082031, 985.0654296875, 460.0332946777344], [1862.4381103515625, 1430.4637451171875, 1968.6575927734375, 1539.1700439453125], [1661.5220947265625, 302.5409240722656, 1735.0484619140625, 375.6464538574219], [1648.9117431640625, 2453.497802734375, 1702.9273681640625, 2520.178466796875], [1334.7178955078125, 1840.43408203125, 1471.1839599609375, 1943.072021484375], [1521.772216796875, 1410.727294921875, 1627.949462890625, 1502.000244140625], [1465.5360107421875, 191.736328125, 1540.6187744140625, 276.00860595703125], [1631.2098388671875, 2097.54248046875, 1720.5108642578125, 2198.3994140625], [1738.7763671875, 2181.5205078125, 1808.68798828125, 2270.98095703125], [1509.076904296875, 2163.23681640625, 1600.718505859375, 2270.6494140625], [1386.1654052734375, 1830.5257568359375, 1508.1424560546875, 1924.0433349609375], [1823.4498291015625, 2170.181396484375, 1887.0821533203125, 2256.811279296875], [2124.277587890625, 480.6737365722656, 2195.428466796875, 571.1978149414062], [2022.415283203125, 476.5210266113281, 2084.990478515625, 548.4591674804688], [896.8616943359375, 568.3292846679688, 988.0240478515625, 652.4301147460938], [2028.861083984375, 156.2586669921875, 2142.095947265625, 268.9006042480469], [924.4114379882812, 337.5256652832031, 1041.878173828125, 434.4397888183594], [912.5065307617188, 16.77074432373047, 987.6244506835938, 96.98495483398438], [1284.5914306640625, 33.68674850463867, 1353.9600830078125, 114.824951171875], [1356.8990478515625, 1884.9771728515625, 1457.4774169921875, 1968.3345947265625], [892.984130859375, 511.64691162109375, 979.4310302734375, 587.7728881835938], [1410.524169921875, 1786.977294921875, 1515.998291015625, 1862.849609375], [991.25390625, 1282.0494384765625, 1089.202392578125, 1365.1873779296875], [1682.9771728515625, 2094.703125, 1777.7261962890625, 2213.2841796875], [2028.7115478515625, 513.6497802734375, 2098.3955078125, 593.945068359375], [1510.922607421875, 2468.19873046875, 1575.64794921875, 2539.50439453125]]}