{"labels": [0, 0, 0, 0, 0, 0, 0, 0, 0, 0, 0, 0, 0, 0, 0, 0, 0, 0, 0, 0, 0, 0, 0, 0, 0, 0, 0, 0, 0, 0, 0, 0, 0, 0, 0, 0, 0, 0, 0, 0, 0, 0, 0, 0, 0, 0, 0, 0, 0, 0], "scores": [0.9879217743873596, 0.931373655796051, 0.9162126183509827, 0.9027355909347534, 0.8114722967147827, 0.8096286654472351, 0.8089552521705627, 0.7893544435501099, 0.7454898357391357, 0.6859230995178223, 0.6826760172843933, 0.6463947892189026, 0.5954537987709045, 0.534130334854126, 0.5313239693641663, 0.5275533199310303, 0.4931788146495819, 0.4729667007923126, 0.45240259170532227, 0.3946600556373596, 0.31917446851730347, 0.18743783235549927, 0.16440825164318085, 0.11868534237146378, 0.11457585543394089, 0.11190680414438248, 0.10066734999418259, 0.09884960949420929, 0.08008424937725067, 0.07107247412204742, 0.07068096101284027, 0.057746630162000656, 0.05300017446279526, 0.05174877122044563, 0.051523588597774506, 0.05096800997853279, 0.043296102434396744, 0.03791355341672897, 0.03644030913710594, 0.03545156493782997, 0.03156043216586113, 0.028652824461460114, 0.028072303161025047, 0.02719997428357601, 0.025508688762784004, 0.025016244500875473, 0.02208956703543663, 0.021417364478111267, 0.020214475691318512, 0.0200887992978096], "bboxes": [[2233.312744140625, 2074.53076171875, 2352.333740234375, 2195.52587890625], [1133.854248046875, 1011.6482543945312, 1264.69677734375, 1134.8634033203125], [1760.8265380859375, 1491.6431884765625, 1907.6058349609375, 1615.3074951171875], [1295.696044921875, 1259.17236328125, 1418.986328125, 1386.20458984375], [1251.8704833984375, 490.0037841796875, 1390.0347900390625, 613.341064453125], [436.51788330078125, 979.4406127929688, 578.2932739257812, 1108.0030517578125], [2374.40869140625, 1975.1182861328125, 2487.0615234375, 2095.87841796875], [846.0772094726562, 729.8607177734375, 978.8219604492188, 870.919677734375], [1739.67529296875, 2133.504638671875, 1866.56396484375, 2285.999267578125], [1318.7335205078125, 191.46047973632812, 1441.8338623046875, 289.002685546875], [1108.818359375, 578.7967529296875, 1240.8779296875, 709.1763916015625], [2000.7740478515625, 1996.8076171875, 2090.331787109375, 2085.2216796875], [1374.3966064453125, 414.3391418457031, 1517.4219970703125, 543.697998046875], [1367.8292236328125, 384.5103759765625, 1494.7559814453125, 488.34979248046875], [1192.735595703125, 1094.8358154296875, 1332.59912109375, 1233.3072509765625], [986.053955078125, 665.4158935546875, 1121.669189453125, 792.2308349609375], [1472.774169921875, 1191.864990234375, 1625.144775390625, 1361.115234375], [2043.908203125, 2215.519287109375, 2134.40771484375, 2310.011962890625], [1583.077392578125, 1811.4981689453125, 1703.8447265625, 1947.6849365234375], [673.255615234375, 818.0549926757812, 820.1011962890625, 963.9503784179688], [564.78662109375, 893.9722900390625, 676.0963134765625, 991.4693603515625], [1426.8272705078125, 1528.8023681640625, 1568.2332763671875, 1675.0047607421875], [545.8748168945312, 944.6716918945312, 681.9829711914062, 1071.83251953125], [2341.3642578125, 2010.09326171875, 2461.17626953125, 2134.3125], [659.224609375, 889.1189575195312, 832.0203857421875, 1047.2081298828125], [1040.674560546875, 649.7989501953125, 1174.90673828125, 782.39990234375], [1298.1064453125, 113.2884521484375, 1420.694091796875, 213.82217407226562], [1996.7000732421875, 1952.3427734375, 2084.771728515625, 2031.599609375], [1223.359619140625, 1186.807861328125, 1360.52685546875, 1321.20556640625], [307.5837707519531, 1161.372802734375, 368.1529235839844, 1224.6669921875], [812.214599609375, 765.9630737304688, 953.7779541015625, 902.0707397460938], [1234.5499267578125, 127.33963775634766, 1351.2288818359375, 226.15829467773438], [1566.2513427734375, 1531.7220458984375, 1703.1068115234375, 1662.8624267578125], [1173.5457763671875, 506.77392578125, 1333.7369384765625, 634.6717529296875], [701.470703125, 760.3672485351562, 831.372802734375, 873.0139770507812], [905.9732666015625, 758.6105346679688, 1049.613525390625, 893.7197875976562], [1708.8323974609375, 2063.446044921875, 1846.5648193359375, 2203.665283203125], [1577.80859375, 1674.6849365234375, 1722.80078125, 1792.4478759765625], [1355.3447265625, 134.9587860107422, 1479.71337890625, 238.4907989501953], [861.144775390625, 676.6621704101562, 999.978515625, 802.3565063476562], [1405.076416015625, 1692.3785400390625, 1529.3330078125, 1804.4598388671875], [479.6905212402344, 888.985595703125, 593.1688232421875, 990.548095703125], [1624.936279296875, 1794.6593017578125, 1729.106201171875, 1903.9754638671875], [1979.4466552734375, 2207.770751953125, 2056.650146484375, 2301.333251953125], [299.04962158203125, 1091.3245849609375, 372.3388671875, 1167.8927001953125], [1153.0106201171875, 776.8955078125, 1289.8079833984375, 886.278076171875], [1316.958984375, 444.680908203125, 1463.7099609375, 570.7069091796875], [1343.6484375, 1143.8115234375, 1483.882080078125, 1287.13330078125], [510.1424865722656, 975.4031372070312, 630.3923950195312, 1083.591796875], [561.8489379882812, 838.798828125, 684.2536010742188, 945.1866455078125]]}