{"labels": [0, 0, 0, 0, 0, 0, 0, 0, 0, 0, 0, 0, 0, 0, 0, 0, 0, 0, 0, 0, 0, 0, 0, 0, 0, 0, 0, 0, 0, 0, 0, 0, 0, 0, 0, 0, 0, 0, 0, 0, 0, 0, 0, 0], "scores": [0.9807931184768677, 0.917587399482727, 0.7349368929862976, 0.6692168712615967, 0.6688492298126221, 0.6504053473472595, 0.46728959679603577, 0.41694262623786926, 0.3952341675758362, 0.393819123506546, 0.3765226900577545, 0.21414783596992493, 0.20641794800758362, 0.1962282508611679, 0.17676059901714325, 0.1718532145023346, 0.16010601818561554, 0.13369129598140717, 0.12994235754013062, 0.12901571393013, 0.1268073469400406, 0.10241740196943283, 0.08943475782871246, 0.08069397509098053, 0.05830558389425278, 0.05481265112757683, 0.04611152783036232, 0.044334374368190765, 0.037763457745313644, 0.03435320034623146, 0.03337985277175903, 0.032613929361104965, 0.032159242779016495, 0.031468991190195084, 0.030797339975833893, 0.03054451011121273, 0.0293817687779665, 0.029115131124854088, 0.027236705645918846, 0.02670200914144516, 0.024334026500582695, 0.023702401667833328, 0.022127795964479446, 0.020880481228232384], "bboxes": [[312.5482177734375, 2023.7890625, 430.7388916015625, 2145.86962890625], [290.2351379394531, 2439.304443359375, 393.3274841308594, 2533.880615234375], [2444.98681640625, 1608.38818359375, 2533.25048828125, 1695.544189453125], [425.01214599609375, 2041.6124267578125, 517.5875854492188, 2141.197265625], [2393.492431640625, 1346.1878662109375, 2483.906982421875, 1453.0780029296875], [2479.24462890625, 1829.3299560546875, 2560.0, 1930.1260986328125], [2421.002685546875, 1624.781005859375, 2499.412841796875, 1705.678955078125], [2200.029541015625, 2150.803955078125, 2265.581787109375, 2215.374267578125], [1964.9981689453125, 416.4382629394531, 2052.381591796875, 510.7699890136719], [441.2924499511719, 1897.6068115234375, 533.39990234375, 1990.5201416015625], [382.50738525390625, 245.85777282714844, 426.74462890625, 299.1897277832031], [724.5094604492188, 209.6269989013672, 787.5829467773438, 281.86273193359375], [1795.591552734375, 270.85888671875, 1887.677734375, 359.9163818359375], [2456.16552734375, 1714.8072509765625, 2547.3369140625, 1808.5555419921875], [591.2610473632812, 214.7327423095703, 645.5460815429688, 282.1644592285156], [309.624267578125, 350.30029296875, 358.8924560546875, 409.20916748046875], [2070.986083984375, 451.87579345703125, 2152.771728515625, 549.5427856445312], [321.168701171875, 2395.587158203125, 412.2017822265625, 2483.411865234375], [716.7452392578125, 2050.3203125, 805.030029296875, 2140.51025390625], [2005.2967529296875, 2026.9361572265625, 2075.28564453125, 2106.63134765625], [464.0217590332031, 213.00131225585938, 516.5643310546875, 276.0378112792969], [246.74363708496094, 375.2737731933594, 299.1430969238281, 439.5425109863281], [2234.829833984375, 2229.15625, 2309.051025390625, 2309.1826171875], [1805.20654296875, 1690.5335693359375, 1899.250244140625, 1774.0767822265625], [15.324483871459961, 470.8675231933594, 63.61132049560547, 554.5679931640625], [1962.5238037109375, 1702.5150146484375, 2058.94921875, 1784.4434814453125], [376.3627624511719, 2470.28662109375, 470.2534484863281, 2555.19482421875], [2217.550048828125, 1502.6103515625, 2295.020263671875, 1575.01123046875], [2243.382080078125, 2290.087646484375, 2330.302001953125, 2399.224365234375], [685.4518432617188, 1655.5960693359375, 749.5615844726562, 1735.7249755859375], [2449.655517578125, 1468.700439453125, 2532.486083984375, 1557.140625], [531.910888671875, 1923.4632568359375, 616.2694091796875, 2008.4390869140625], [2405.029296875, 1662.1444091796875, 2486.4873046875, 1743.0450439453125], [2184.245849609375, 572.9583740234375, 2258.062255859375, 648.6851806640625], [837.0056762695312, 2065.52099609375, 916.5670776367188, 2153.32861328125], [2489.2392578125, 479.7540283203125, 2554.5625, 557.6212158203125], [2496.7587890625, 1957.4658203125, 2560.0, 2046.452880859375], [491.31915283203125, 2047.8052978515625, 576.9891967773438, 2141.08203125], [188.318603515625, 530.3300170898438, 242.21905517578125, 607.0398559570312], [501.03570556640625, 2479.120849609375, 583.7985229492188, 2558.662841796875], [2323.16015625, 841.9863891601562, 2413.37158203125, 921.1290893554688], [146.03021240234375, 62.677490234375, 189.8221435546875, 123.12750244140625], [222.05751037597656, 186.46420288085938, 272.9892578125, 247.10906982421875], [303.6658020019531, 1994.2640380859375, 401.9900817871094, 2085.84423828125]]}