{"labels": [0, 0, 0, 0, 0, 0, 0, 0, 0, 0, 0, 0, 0, 0, 0, 0, 0, 0, 0, 0, 0], "scores": [0.990467369556427, 0.9829360246658325, 0.9745348691940308, 0.9674875140190125, 0.9596936106681824, 0.912680983543396, 0.9028828740119934, 0.892390787601471, 0.8193309307098389, 0.22689436376094818, 0.17042720317840576, 0.14590680599212646, 0.08011739701032639, 0.07363002002239227, 0.07119342684745789, 0.07003571093082428, 0.06993372738361359, 0.06920682638883591, 0.06181879714131355, 0.05345754325389862, 0.05070226639509201], "bboxes": [[4410.56298828125, 544.2808837890625, 4736.11376953125, 829.914794921875], [3425.417724609375, 777.5946655273438, 3727.906982421875, 1180.796875], [3347.679931640625, 124.69403076171875, 3697.823974609375, 388.6303405761719], [3080.696533203125, 887.041259765625, 3429.432861328125, 1163.278564453125], [2363.946533203125, 159.57923889160156, 2605.051513671875, 387.8496398925781], [700.4202270507812, 1149.12646484375, 1014.9236450195312, 1397.212158203125], [4127.62841796875, 1253.9287109375, 4371.59619140625, 1469.8892822265625], [1906.7633056640625, 1629.9326171875, 2118.34521484375, 1841.149169921875], [1892.6234130859375, 1313.7864990234375, 2108.39892578125, 1515.6822509765625], [1142.1160888671875, 286.0514831542969, 1316.625, 429.64715576171875], [1925.5020751953125, 151.2098388671875, 2010.278076171875, 271.4400329589844], [4678.07763671875, 840.339599609375, 4795.61767578125, 1195.0321044921875], [4728.57861328125, 740.2755737304688, 4795.80859375, 1142.56689453125], [2474.423583984375, 431.5958557128906, 2604.546142578125, 521.5411376953125], [4733.08984375, 828.689208984375, 4800.0, 1009.6774291992188], [4746.58935546875, 772.827880859375, 4800.0, 926.4190673828125], [4699.3154296875, 826.031494140625, 4782.70361328125, 1001.8613891601562], [4749.2109375, 666.8910522460938, 4795.873046875, 1034.2274169921875], [2674.435302734375, 175.376708984375, 2770.776611328125, 309.5166320800781], [3150.80712890625, 315.2328796386719, 3225.431640625, 438.6681823730469], [4645.01806640625, 794.5489501953125, 4800.0, 1348.73876953125]]}