{"labels": [0, 0, 0, 0, 0, 0, 0, 0, 0, 0, 0, 0, 0, 0, 0, 0, 0, 0, 0, 0, 0, 0, 0, 0, 0, 0, 0, 0, 0, 0, 0, 0, 0, 0, 0, 0, 0, 0, 0, 0, 0, 0, 0, 0, 0, 0, 0, 0, 0, 0, 0, 0, 0, 0, 0, 0, 0, 0, 0, 0, 0, 0, 0, 0, 0, 0, 0, 0, 0, 0, 0, 0, 0, 0, 0, 0, 0, 0, 0, 0, 0, 0, 0, 0, 0, 0, 0, 0, 0, 0, 0, 0, 0, 0, 0, 0, 0, 0, 0, 0], "scores": [0.9625662565231323, 0.958842396736145, 0.9588330388069153, 0.9549183249473572, 0.9455941915512085, 0.9388411641120911, 0.8683853149414062, 0.8513296246528625, 0.7342171669006348, 0.6350858807563782, 0.6140569448471069, 0.5748137831687927, 0.5716969966888428, 0.5651323199272156, 0.539076566696167, 0.5320358872413635, 0.5307629704475403, 0.5207691788673401, 0.5003906488418579, 0.49616119265556335, 0.495647668838501, 0.48346829414367676, 0.47037258744239807, 0.4657067358493805, 0.33573248982429504, 0.2786193788051605, 0.2744954526424408, 0.27258002758026123, 0.26101192831993103, 0.25826582312583923, 0.2095901221036911, 0.18923956155776978, 0.18264083564281464, 0.16294816136360168, 0.16239909827709198, 0.1607315093278885, 0.15986458957195282, 0.14803555607795715, 0.14774538576602936, 0.14757533371448517, 0.14739811420440674, 0.14605110883712769, 0.14514584839344025, 0.14482080936431885, 0.13678975403308868, 0.13517741858959198, 0.13400234282016754, 0.13123953342437744, 0.13095401227474213, 0.12953121960163116, 0.1259681135416031, 0.12437739968299866, 0.12240345031023026, 0.11861802637577057, 0.11577410250902176, 0.11499723792076111, 0.11466869711875916, 0.11361600458621979, 0.11318060755729675, 0.11255073547363281, 0.11176758259534836, 0.10865180939435959, 0.10756494849920273, 0.10683675855398178, 0.10530046373605728, 0.10468724370002747, 0.10379749536514282, 0.10315645486116409, 0.10073772072792053, 0.09966973215341568, 0.09937076270580292, 0.09936129301786423, 0.09703674167394638, 0.0961260125041008, 0.09501637518405914, 0.09472735226154327, 0.09422846138477325, 0.09356274455785751, 0.09348031133413315, 0.09343928843736649, 0.0933489054441452, 0.09311766922473907, 0.09310494363307953, 0.0929512158036232, 0.0928364023566246, 0.09192676842212677, 0.09096496552228928, 0.08998081088066101, 0.08971822261810303, 0.08931510895490646, 0.0888676866889, 0.08859005570411682, 0.0881553664803505, 0.08777157962322235, 0.08739367127418518, 0.0864681825041771, 0.08631467074155807, 0.08558259904384613, 0.08448037505149841, 0.08313842862844467], "bboxes": [[785.722412109375, 288.446044921875, 898.58984375, 412.40875244140625], [1308.9454345703125, 364.0506591796875, 1432.1505126953125, 503.14141845703125], [1448.8016357421875, 453.0559997558594, 1571.5682373046875, 584.6294555664062], [1030.5797119140625, 196.412109375, 1149.2725830078125, 330.9229736328125], [1480.8731689453125, 831.5897216796875, 1587.7247314453125, 958.4447021484375], [1171.9854736328125, 283.485107421875, 1292.0250244140625, 418.62835693359375], [1871.608642578125, 1723.0205078125, 1976.845947265625, 1839.967529296875], [1639.1038818359375, 698.510498046875, 1739.4564208984375, 820.81005859375], [2100.867919921875, 1865.4501953125, 2193.596923828125, 1979.212646484375], [1399.3492431640625, 30.364702224731445, 1455.2523193359375, 91.70157623291016], [2223.926025390625, 1966.4847412109375, 2288.734619140625, 2045.5113525390625], [2323.601318359375, 2021.7193603515625, 2404.845458984375, 2096.84228515625], [1542.452880859375, 123.99644470214844, 1595.89501953125, 183.02891540527344], [2196.41748046875, 2380.044921875, 2275.95166015625, 2469.4912109375], [763.7313842773438, 698.2672119140625, 817.6758422851562, 764.2569580078125], [1999.95947265625, 1815.7017822265625, 2064.0390625, 1885.8653564453125], [1414.380859375, 1252.818115234375, 1483.19677734375, 1312.7294921875], [1651.8466796875, 1603.840087890625, 1707.279296875, 1667.43017578125], [2332.623046875, 2156.824951171875, 2389.37744140625, 2212.019287109375], [1466.2064208984375, 70.60060119628906, 1525.8790283203125, 135.5790252685547], [929.232177734375, 766.68896484375, 995.185302734375, 834.6024169921875], [1574.1011962890625, 1608.6256103515625, 1630.4586181640625, 1671.7833251953125], [1764.2012939453125, 1690.363037109375, 1822.4957275390625, 1751.985595703125], [1667.109130859375, 1597.18505859375, 1722.0927734375, 1660.087158203125], [1197.94677734375, 1343.343505859375, 1257.22314453125, 1407.0888671875], [1498.0523681640625, 98.32274627685547, 1553.0992431640625, 154.81253051757812], [1479.498046875, 92.0685043334961, 1531.131591796875, 146.54006958007812], [1082.66943359375, 1298.4710693359375, 1164.7705078125, 1381.2034912109375], [2172.398681640625, 2391.91259765625, 2233.886474609375, 2463.05126953125], [2267.45263671875, 2276.753662109375, 2312.8359375, 2329.910400390625], [1492.0120849609375, 74.61187744140625, 1542.3162841796875, 129.2730255126953], [1454.17626953125, 65.4666748046875, 1508.0166015625, 125.95452880859375], [1142.341552734375, 1323.8751220703125, 1204.015625, 1381.2198486328125], [2359.18359375, 2130.824951171875, 2410.46875, 2183.165283203125], [2156.45361328125, 2385.43701171875, 2207.9482421875, 2443.48779296875], [1511.050048828125, 100.8431396484375, 1568.984619140625, 166.98916625976562], [2196.12060546875, 1961.081787109375, 2258.66552734375, 2027.810791015625], [2304.35693359375, 2155.123779296875, 2357.57275390625, 2204.466064453125], [2293.101318359375, 2131.293212890625, 2345.499755859375, 2180.428955078125], [1435.6759033203125, 40.27311706542969, 1482.0936279296875, 91.31217956542969], [2305.094482421875, 2070.526611328125, 2373.131591796875, 2139.670654296875], [2338.603759765625, 2179.224609375, 2384.831298828125, 2225.109375], [1817.4700927734375, 878.9848022460938, 1854.1629638671875, 930.7473754882812], [1889.8370361328125, 1708.8358154296875, 1976.4681396484375, 1797.1817626953125], [2117.0673828125, 1579.8289794921875, 2178.5537109375, 1635.7513427734375], [2284.94091796875, 2258.010009765625, 2328.18896484375, 2307.270751953125], [2127.01318359375, 1950.7403564453125, 2202.548828125, 2028.5125732421875], [2417.323974609375, 2104.680908203125, 2468.513916015625, 2151.845947265625], [2535.31689453125, 2342.01123046875, 2560.0, 2419.689453125], [2245.431884765625, 1979.760498046875, 2299.614990234375, 2044.42919921875], [1832.8470458984375, 875.8634033203125, 1869.7772216796875, 926.3109130859375], [2324.11962890625, 2184.62744140625, 2370.26123046875, 2229.9501953125], [2190.0341796875, 2402.17626953125, 2251.189453125, 2470.1982421875], [2032.4427490234375, 986.531005859375, 2106.986083984375, 1060.062255859375], [1601.552490234375, 158.829345703125, 1645.787841796875, 202.25244140625], [1144.9093017578125, 1336.9918212890625, 1208.7008056640625, 1405.1466064453125], [1414.4276123046875, 1242.1202392578125, 1466.5928955078125, 1287.6187744140625], [1856.5164794921875, 874.3316040039062, 1894.8887939453125, 924.2079467773438], [2237.9716796875, 2304.19482421875, 2284.0390625, 2351.24462890625], [2231.13232421875, 2352.097900390625, 2282.36962890625, 2403.887939453125], [2286.380615234375, 2089.75244140625, 2345.255126953125, 2150.63916015625], [1812.7261962890625, 892.159423828125, 1848.7606201171875, 941.40673828125], [2322.255859375, 2009.7578125, 2385.49951171875, 2072.016845703125], [1570.2152099609375, 153.71109008789062, 1612.1602783203125, 196.05023193359375], [1165.0491943359375, 1329.19091796875, 1224.2506103515625, 1392.4931640625], [1179.664306640625, 1352.2113037109375, 1239.808349609375, 1427.4273681640625], [2210.232666015625, 2368.2353515625, 2272.777587890625, 2424.099609375], [2254.88037109375, 2120.81298828125, 2318.5283203125, 2170.4462890625], [2245.764892578125, 2275.177734375, 2289.462646484375, 2324.287109375], [1082.0732421875, 1370.7593994140625, 1165.761962890625, 1477.6605224609375], [1764.248779296875, 1722.26953125, 1820.519775390625, 1785.13916015625], [2031.1873779296875, 949.2422485351562, 2131.224853515625, 1040.4052734375], [1489.3548583984375, 121.60116577148438, 1531.7886962890625, 168.00625610351562], [1603.44140625, 1621.42431640625, 