{"labels": [0, 0, 0, 0, 0, 0, 0, 0, 0, 0, 0, 0, 0, 0, 0, 0, 0, 0, 0, 0, 0, 0, 0, 0, 0], "scores": [0.998289167881012, 0.9976346492767334, 0.9969859719276428, 0.9948274493217468, 0.9936476349830627, 0.9918096661567688, 0.9910091161727905, 0.9909539818763733, 0.9895824193954468, 0.9869619607925415, 0.9314852952957153, 0.7792261838912964, 0.1466061770915985, 0.0916300117969513, 0.07314755022525787, 0.06915577501058578, 0.0677151009440422, 0.06701751798391342, 0.062192559242248535, 0.05646900460124016, 0.05445558950304985, 0.053365666419267654, 0.052566491067409515, 0.05180460214614868, 0.050285909324884415], "bboxes": [[1977.72900390625, 1409.6590576171875, 2474.718994140625, 1968.864990234375], [964.30615234375, 1410.1773681640625, 1448.1060791015625, 1957.2008056640625], [1480.45068359375, 1460.954833984375, 1949.3348388671875, 2000.5631103515625], [448.2743835449219, 1465.802001953125, 924.4774169921875, 1956.9495849609375], [0.0, 1464.3133544921875, 405.8409118652344, 1934.3072509765625], [3965.36083984375, 1291.57373046875, 4231.380859375, 1603.0859375], [4386.6455078125, 138.075927734375, 4798.208984375, 569.2801513671875], [2925.58984375, 180.45098876953125, 3196.9501953125, 499.56915283203125], [4267.25634765625, 1290.40966796875, 4537.0146484375, 1600.460693359375], [2305.96875, 86.99205017089844, 2785.006591796875, 593.974853515625], [154.04783630371094, 245.86102294921875, 364.5415954589844, 492.1027526855469], [102.35606384277344, 764.0845947265625, 317.0279235839844, 978.6226196289062], [0.0, 332.0508728027344, 29.941251754760742, 516.3914184570312], [0.0, 369.8050231933594, 24.730878829956055, 636.4500732421875], [4131.3046875, 1289.582763671875, 4460.9384765625, 1597.7896728515625], [0.0, 260.1239013671875, 23.70116424560547, 477.9674072265625], [163.96054077148438, 993.10791015625, 295.5905456542969, 1169.4739990234375], [3278.722412109375, 425.4908447265625, 3368.98388671875, 490.43572998046875], [241.8738555908203, 792.3922729492188, 346.3203125, 914.575927734375], [0.0, 395.2206726074219, 19.699556350708008, 790.4483032226562], [1.9385192394256592, 1810.98974609375, 24.79283905029297, 2149.714111328125], [3.9937591552734375, 1484.4381103515625, 34.84994888305664, 1969.867919921875], [191.49822998046875, 793.9750366210938, 326.7127990722656, 968.0123291015625], [289.1820983886719, 799.2835693359375, 390.2857971191406, 905.05615234375], [3804.782958984375, 1503.0860595703125, 3908.9853515625, 1595.9549560546875]]}