{"labels": [0, 0, 0, 0, 0, 0, 0, 0, 0, 0, 0, 0, 0, 0, 0, 0, 0, 0, 0, 0, 0, 0, 0, 0, 0, 0, 0], "scores": [0.9892948269844055, 0.9879783391952515, 0.9806251525878906, 0.9804946184158325, 0.9760832786560059, 0.9533107280731201, 0.9506400227546692, 0.9493457674980164, 0.8497104048728943, 0.7181624174118042, 0.34391650557518005, 0.2148916870355606, 0.2088865041732788, 0.1394435167312622, 0.08391766995191574, 0.07814426720142365, 0.07754026353359222, 0.07548288255929947, 0.07072466611862183, 0.06877421587705612, 0.06651830673217773, 0.06048208475112915, 0.05972703918814659, 0.058255523443222046, 0.055532243102788925, 0.05525553971529007, 0.05293174833059311], "bboxes": [[726.5453491210938, 1066.5028076171875, 1152.17919921875, 1478.1507568359375], [744.6704711914062, 588.492431640625, 1129.373046875, 971.8133544921875], [1726.97119140625, 489.41900634765625, 2196.538330078125, 906.7306518554688], [3025.132568359375, 2363.16455078125, 3300.365234375, 2600.891845703125], [3326.019775390625, 2346.03271484375, 3603.804931640625, 2594.764892578125], [4128.01513671875, 2366.988037109375, 4364.068359375, 2592.940673828125], [3627.18896484375, 2372.916259765625, 3849.8125, 2590.5126953125], [3862.166748046875, 2371.385986328125, 4100.0693359375, 2585.6572265625], [3956.149658203125, 0.13747452199459076, 4186.265625, 179.2235107421875], [1626.1427001953125, 1208.08837890625, 1929.88427734375, 1490.8837890625], [1616.5692138671875, 162.5556640625, 2027.6929931640625, 504.89593505859375], [0.0, 260.433349609375, 154.45884704589844, 572.926025390625], [3150.50439453125, 38.08901596069336, 4147.84130859375, 1543.839111328125], [3768.924560546875, 705.5560302734375, 4091.95361328125, 987.1433715820312], [3779.694091796875, 203.2597198486328, 4075.864501953125, 474.0542907714844], [4732.41064453125, 119.44979095458984, 4782.43798828125, 245.46409606933594], [3171.17138671875, 536.429931640625, 3417.479248046875, 741.22119140625], [3776.861328125, 1226.6072998046875, 4065.6806640625, 1475.5771484375], [4656.01806640625, 544.441162109375, 4730.615234375, 658.2079467773438], [4713.60888671875, 146.9225311279297, 4766.22705078125, 253.65345764160156], [4727.66259765625, 177.214599609375, 4774.3994140625, 293.3348693847656], [4730.568359375, 239.03262329101562, 4775.75390625, 358.0570373535156], [4746.65576171875, 92.45527648925781, 4787.431640625, 204.30931091308594], [3101.74462890625, 2354.638916015625, 3419.08984375, 2594.163818359375], [4694.25, 194.03326416015625, 4750.21630859375, 297.9428405761719], [4678.4326171875, 250.217529296875, 4735.3154296875, 363.4178771972656], [4720.23095703125, 115.19036865234375, 4750.63037109375, 202.31982421875]]}