{"labels": [0, 0, 0, 0, 0, 0, 0, 0, 0, 0, 0, 0, 0, 0, 0, 0, 0, 0, 0, 0, 0, 0, 0, 0, 0, 0, 0, 0, 0, 0, 0, 0, 0, 0, 0, 0, 0, 0, 0, 0, 0, 0, 0, 0, 0, 0, 0, 0, 0, 0, 0, 0, 0, 0, 0, 0, 0, 0, 0, 0, 0, 0, 0, 0, 0, 0, 0, 0, 0, 0, 0, 0, 0, 0, 0, 0, 0, 0, 0, 0, 0, 0], "scores": [0.9666203856468201, 0.9624152779579163, 0.8506707549095154, 0.8433486819267273, 0.8329420685768127, 0.7913642525672913, 0.7913331985473633, 0.7697672843933105, 0.7108120918273926, 0.7068210244178772, 0.6304779648780823, 0.6036261916160583, 0.5991145372390747, 0.5709418654441833, 0.5264081358909607, 0.5148797035217285, 0.46776872873306274, 0.42385539412498474, 0.41805291175842285, 0.36415964365005493, 0.3226124048233032, 0.32187724113464355, 0.2890365719795227, 0.26679134368896484, 0.22640760242938995, 0.19176489114761353, 0.18182019889354706, 0.16701066493988037, 0.1517631560564041, 0.15140783786773682, 0.14817608892917633, 0.1438199281692505, 0.14162075519561768, 0.13668832182884216, 0.13486097753047943, 0.12206537276506424, 0.11436249315738678, 0.10581092536449432, 0.10537022352218628, 0.10468865185976028, 0.1041107028722763, 0.09830837696790695, 0.09196203947067261, 0.08873861283063889, 0.08758024126291275, 0.08741293102502823, 0.08722987771034241, 0.08624448627233505, 0.08384973555803299, 0.0813337042927742, 0.07884186506271362, 0.07636614888906479, 0.07463832944631577, 0.07375381886959076, 0.07248523831367493, 0.07184020429849625, 0.07125704735517502, 0.07049175351858139, 0.06987524032592773, 0.06921761482954025, 0.06896842271089554, 0.06755690276622772, 0.0668259710073471, 0.0661793202161789, 0.06475790590047836, 0.0646655410528183, 0.06420561671257019, 0.06232858821749687, 0.0623106025159359, 0.06100517511367798, 0.06088404729962349, 0.05904243141412735, 0.05528945475816727, 0.05467638745903969, 0.05398881807923317, 0.05248735100030899, 0.051806818693876266, 0.051693689078092575, 0.05099877342581749, 0.05098491907119751, 0.05065816640853882, 0.050145115703344345], "bboxes": [[578.14501953125, 443.3845520019531, 710.02783203125, 568.8568725585938], [316.99578857421875, 1753.49365234375, 457.160888671875, 1886.961669921875], [1191.7550048828125, 2249.50439453125, 1304.8717041015625, 2351.96142578125], [545.2220458984375, 1412.3768310546875, 662.0919189453125, 1514.8978271484375], [1601.31103515625, 722.1554565429688, 1952.9208984375, 1033.6318359375], [1182.1644287109375, 110.802978515625, 1277.2147216796875, 215.22149658203125], [204.8131103515625, 1823.0670166015625, 316.37310791015625, 1921.0103759765625], [805.9978637695312, 845.9993896484375, 916.1654663085938, 947.449462890625], [1341.96484375, 1895.735107421875, 1439.007568359375, 1992.428466796875], [2117.066162109375, 516.8912963867188, 2210.202880859375, 613.7266235351562], [1443.231201171875, 1666.1163330078125, 1544.367431640625, 1757.9864501953125], [1603.8326416015625, 287.98455810546875, 1659.6348876953125, 354.1881103515625], [1658.0194091796875, 731.5551147460938, 1751.3538818359375, 824.3912963867188], [1685.1046142578125, 315.3861083984375, 1763.9632568359375, 404.276611328125], [2031.3662109375, 1168.5982666015625, 2088.58203125, 1222.7249755859375], [1524.681640625, 250.69606018066406, 1581.498291015625, 317.8177795410156], [1423.5006103515625, 208.88070678710938, 1504.3070068359375, 298.0787353515625], [164.2789764404297, 1941.9444580078125, 251.20677185058594, 2009.4522705078125], [1061.5211181640625, 951.9592895507812, 1146.2867431640625, 1011.5549926757812], [1970.03955078125, 1303.16796875, 2034.88818359375, 1357.468994140625], [1283.8070068359375, 2060.923095703125, 1361.6365966796875, 2117.554443359375], [1173.2591552734375, 744.2914428710938, 1237.1212158203125, 804.1798706054688], [1452.9141845703125, 972.0592041015625, 1537.4627685546875, 1037.5643310546875], [1145.6849365234375, 636.44384765625, 1213.1634521484375, 702.5263671875], [1588.8941650390625, 285.0272521972656, 1640.7489013671875, 349.7878112792969], [1111.1634521484375, 2482.21533203125, 1186.3428955078125, 2558.20654296875], [1304.906494140625, 2013.4228515625, 1369.480712890625, 2074.64208984375], [1301.7900390625, 1992.390869140625, 1370.56005859375, 2054.026611328125], [1500.9039306640625, 2472.505126953125, 1579.6854248046875, 2552.340087890625], [1620.1473388671875, 297.9313659667969, 1674.2391357421875, 361.7071838378906], [1162.43310546875, 714.30615234375, 1223.97265625, 778.5108642578125], [1654.3699951171875, 314.22723388671875, 1716.1295166015625, 380.90350341796875], [1570.8492431640625, 265.5915832519531, 1623.8175048828125, 337.4812927246094], [1686.314453125, 1066.8831787109375, 1764.65283203125, 1146.9461669921875], [1302.20654296875, 2044.1331787109375, 1366.060302734375, 2103.136962890625], [1009.6215209960938, 107.24560546875, 1069.6583251953125, 164.65469360351562], [1489.1317138671875, 241.1447296142578, 1553.2430419921875, 315.2322082519531], [952.2958984375, 1115.5145263671875, 1039.9544677734375, 1195.2886962890625], [1155.8104248046875, 755.8506469726562, 1227.1351318359375, 812.5978393554688], [1982.66357421875, 1289.2392578125, 2038.242431640625, 1335.712158203125], [1991.18798828125, 1296.4310302734375, 2046.870849609375, 1351.3084716796875], [1533.1011962890625, 891.0802001953125, 1613.1685791015625, 993.4483642578125], [1538.6925048828125, 245.91189575195312, 1585.1673583984375, 298.0281066894531], [946.4556884765625, 370.3404846191406, 1134.7862548828125, 770.6173095703125], [1660.8924560546875, 2424.7373046875, 1721.8563232421875, 2496.74951171875], [1450.310546875, 247.36012268066406, 1509.527587890625, 309.7018127441406], [892.5383911132812, 403.75689697265625, 994.3827514648438, 487.40386962890625], [1127.364990234375, 616.6749267578125, 1193.024658203125, 689.215576171875], [29.37097930908203, 2453.26953125, 129.5225830078125, 2560.0], [1127.679931640625, 648.590087890625, 1194.50390625, 715.8541259765625], [2016.1282958984375, 1257.396240234375, 2064.77685546875, 1300.0419921875], [1537.2047119140625, 278.1539306640625, 1584.2601318359375, 332.9906005859375], [1304.8670654296875, 1912.268798828125, 1384.6563720703125, 1989.86669921875], [1108.6087646484375, 569.479736328125, 1159.7022705078125, 639.5927734375], [849.8015747070312, 1519.447021484375, 1220.557373046875, 1743.73876953125], [1809.49169921875, 2098.073974609375, 1889.652099609375, 2217.955810546875], [2059.4228515625, 1169.424560546875, 2108.43359375, 1218.61328125], [1115.433837890625, 601.0281982421875, 1173.522705078125, 675.175048828125], [1172.7396240234375, 679.6150512695312, 1228.4683837890625, 732.2879028320312], [1032.3802490234375, 947.6862182617188, 1122.0076904296875, 1011.1093139648438], [1309.6446533203125, 1970.4306640625, 1378.9693603515625, 2035.836181640625], [1026.8238525390625, 918.9020385742188, 1156.9620361328125, 1020.9649047851562], [1707.722412109375, 1065.803466796875, 1762.644775390625, 1124.1767578125], [2540.82763671875, 451.06195068359375, 2560.0, 657.0057983398438], [174.47528076171875, 2002.5216064453125, 283.01544189453125, 2081.682373046875], [1950.4678955078125, 1495.4891357421875, 1987.2279052734375, 1531.4979248046875], [1683.787109375, 343.79644775390625, 1737.234619140625, 405.5509033203125], [2029.2607421875, 1161.643798828125, 2075.27490234375, 1208.41943359375], [1500.714599609375, 954.8634033203125, 1583.922607421875, 1029.3038330078125], [1600.0299072265625, 306.7774963378906, 1643.8765869140625, 360.2643127441406], [1975.385009765625, 1330.18359375, 2023.66748046875, 1371.640380859375], [183.2764129638672, 1910.4884033203125, 258.3696594238281, 1980.1756591796875], [177.52810668945312, 1974.2662353515625, 263.6466369628906, 2059.275390625], [2545.440185546875, 1155.0400390625, 2559.940673828125, 1327.732666015625], [2019.6561279296875, 1204.2083740234375, 2063.73193359375, 1249.9742431640625], [1640.3671875, 347.1398620605469, 1685.2060546875, 401.9459533691406], [1205.6295166015625, 2480.34765625, 1269.5985107421875, 2553.43994140625], [150.92898559570312, 1906.2860107421875, 