{"labels": [0, 0, 0, 0, 0, 0, 0, 0, 0, 0, 0, 0, 0, 0, 0, 0, 0, 0, 0, 0, 0, 0, 0, 0, 0, 0, 0, 0, 0, 0, 0, 0, 0, 0, 0, 0, 0, 0, 0, 0, 0, 0, 0, 0, 0, 0, 0, 0, 0, 0, 0, 0, 0, 0, 0, 0, 0, 0, 0, 0, 0, 0, 0, 0, 0, 0, 0, 0, 0, 0, 0, 0, 0, 0, 0, 0, 0, 0, 0, 0, 0, 0, 0, 0, 0, 0, 0, 0, 0, 0, 0, 0, 0, 0, 0, 0, 0, 0, 0, 0], "scores": [0.9849501848220825, 0.9318459630012512, 0.6655250787734985, 0.6535566449165344, 0.6479541063308716, 0.6197900176048279, 0.6185271739959717, 0.6022940278053284, 0.592638373374939, 0.5517474412918091, 0.5503576993942261, 0.5335504412651062, 0.5297571420669556, 0.49362966418266296, 0.4894460439682007, 0.4791150987148285, 0.4444044232368469, 0.4355126619338989, 0.4343617260456085, 0.41290855407714844, 0.39709004759788513, 0.39293789863586426, 0.3855231702327728, 0.37564417719841003, 0.37181344628334045, 0.36975401639938354, 0.3659006655216217, 0.34628644585609436, 0.3408684730529785, 0.32158663868904114, 0.2956087589263916, 0.2920286953449249, 0.27151381969451904, 0.261966735124588, 0.2608703076839447, 0.24423766136169434, 0.23443390429019928, 0.23353184759616852, 0.23093295097351074, 0.22150807082653046, 0.22077342867851257, 0.20274820923805237, 0.1983858346939087, 0.19597364962100983, 0.1860821396112442, 0.185635045170784, 0.18503747880458832, 0.18305401504039764, 0.18271034955978394, 0.18225574493408203, 0.17868342995643616, 0.17354612052440643, 0.1702806055545807, 0.1697433590888977, 0.16798102855682373, 0.16771118342876434, 0.1628073751926422, 0.16202835738658905, 0.1581140160560608, 0.15434551239013672, 0.14553755521774292, 0.14486151933670044, 0.14082440733909607, 0.13966448605060577, 0.13510744273662567, 0.13413207232952118, 0.1340898871421814, 0.1329924762248993, 0.13025808334350586, 0.13004574179649353, 0.12744198739528656, 0.12719005346298218, 0.12568585574626923, 0.12090103328227997, 0.11980663985013962, 0.1188662201166153, 0.11842848360538483, 0.1183776780962944, 0.1180095374584198, 0.11721090227365494, 0.11163447052240372, 0.11079734563827515, 0.10903327912092209, 0.1088177040219307, 0.10742762684822083, 0.10615015774965286, 0.10512437671422958, 0.10452654212713242, 0.10384652763605118, 0.10383374989032745, 0.10274505615234375, 0.10252199321985245, 0.10172548145055771, 0.09909826517105103, 0.09844359010457993, 0.09792178124189377, 0.09553006291389465, 0.09449759125709534, 0.0936787948012352, 0.09114015102386475], "bboxes": [[677.0740966796875, 575.7501220703125, 802.6484375, 727.83349609375], [841.1343994140625, 731.4202880859375, 956.9869384765625, 854.8328857421875], [2336.81787109375, 812.4401245117188, 2427.6015625, 888.4713745117188], [295.3847961425781, 531.70947265625, 403.4865417480469, 626.5814208984375], [0.42719268798828125, 1080.145263671875, 68.80361938476562, 1206.2392578125], [336.6650390625, 255.3455047607422, 427.80010986328125, 345.79302978515625], [2412.558837890625, 2406.764404296875, 2481.122802734375, 2474.383056640625], [2325.307373046875, 2252.285888671875, 2423.845947265625, 2325.656982421875], [2482.13330078125, 2081.087890625, 2560.0, 2184.2939453125], [1837.3232421875, 2318.2578125, 1889.9619140625, 2389.349609375], [2337.474365234375, 336.6791687011719, 2414.567138671875, 404.7361145019531], [2484.580078125, 511.1365966796875, 2556.8935546875, 590.5989990234375], [2275.703857421875, 422.0576171875, 2357.965576171875, 485.28448486328125], [2504.65869140625, 1013.5810546875, 2558.55029296875, 1109.221435546875], [2150.446044921875, 550.5775146484375, 2228.500244140625, 615.009765625], [2322.02099609375, 727.2470092773438, 2394.33203125, 800.6113891601562], [328.020263671875, 436.67352294921875, 453.8514404296875, 544.0914916992188], [330.1497497558594, 158.6090850830078, 419.7332458496094, 241.5675506591797], [1718.6893310546875, 707.7013549804688, 1789.1329345703125, 795.0586547851562], [2240.7529296875, 498.3421630859375, 2309.87109375, 558.447021484375], [2305.07275390625, 1672.965576171875, 2367.25244140625, 1739.1142578125], [2261.758544921875, 1362.6663818359375, 2364.204833984375, 1464.1561279296875], [441.84649658203125, 558.8873291015625, 513.3816528320312, 674.8983154296875], [1803.9451904296875, 699.6600341796875, 1868.9844970703125, 786.6334228515625], [2302.0283203125, 242.5389862060547, 2408.5478515625, 317.3554992675781], [2339.281982421875, 2340.15478515625, 2414.297607421875, 2411.72900390625], [0.38314247131347656, 115.68168640136719, 49.37696838378906, 218.8916778564453], [2418.808349609375, 1001.9273681640625, 2480.826904296875, 1087.2955322265625], [2356.682373046875, 2358.62744140625, 2421.959228515625, 2420.34521484375], [2408.2841796875, 2386.0185546875, 2472.9833984375, 2447.20458984375], [0.47146034240722656, 824.3032836914062, 38.482582092285156, 928.3386840820312], [1634.494384765625, 711.1637573242188, 1699.76220703125, 782.6828002929688], [338.50933837890625, 221.93609619140625, 422.89031982421875, 308.47039794921875], [2440.333984375, 2169.448974609375, 2514.33447265625, 2243.142333984375], [2459.9453125, 2134.613037109375, 2543.1494140625, 2210.363037109375], [410.0046081542969, 514.643798828125, 505.2629089355469, 636.82177734375], [965.5765991210938, 639.0296020507812, 1011.4767456054688, 704.8076782226562], [2302.65625, 337.9657287597656, 2381.9736328125, 406.5857238769531], [2395.314453125, 2395.6630859375, 2456.65087890625, 2454.63134765625], [2122.353759765625, 549.6231689453125, 2192.973876953125, 608.2642822265625], [2460.63232421875, 2334.579833984375, 2524.87841796875, 2398.930419921875], [1750.2698974609375, 702.3724365234375, 1808.9542236328125, 788.0634765625], [2328.96142578125, 2285.26416015625, 2425.03857421875, 2366.34130859375], [772.1395874023438, 526.27587890625, 863.1563110351562, 623.320068359375], [2447.25, 2400.158447265625, 2502.24072265625, 2466.704833984375], [2535.383056640625, 1505.7322998046875, 2560.0, 1580.6251220703125], [2238.40771484375, 442.4278869628906, 2316.83740234375, 498.6120300292969], [2440.22216796875, 2343.580078125, 2510.62646484375, 2410.02197265625], [2248.268310546875, 426.2256774902344, 2325.561767578125, 482.0881652832031], [2265.43896484375, 333.0318603515625, 2337.31640625, 401.88641357421875], [2468.37353515625, 2316.77685546875, 2534.81298828125, 2384.24609375], [2498.568115234375, 1014.353271484375, 2558.497314453125, 1190.620361328125], [2489.78466796875, 2300.481201171875, 2541.99658203125, 2372.554443359375], [2509.1591796875, 2257.16357421875, 2556.8896484375, 2343.8583984375], [2465.115966796875, 2042.1435546875, 2555.266357421875, 2159.3916015625], [0.0, 108.35646057128906, 26.809356689453125, 194.91358947753906], [2458.0126953125, 2360.78564453125, 2514.322265625, 2419.912109375], [2392.59912109375, 2352.030029296875, 2458.9853515625, 2415.042236328125], [2173.867431640625, 492.6322021484375, 2246.513427734375, 553.9666748046875], [2165.093505859375, 520.3760986328125, 2238.798583984375, 578.6279296875], [1.85931396484375, 880.5425415039062, 24.869068145751953, 970.0298461914062], [2326.37646484375, 750.8560791015625, 2401.57861328125, 817.6558837890625], [2514.447509765625, 450.77911376953125, 2555.835693359375, 587.6077270507812], [2521.348876953125, 965.5443725585938, 2556.233642578125, 1116.6162109375], [2409.65966796875, 999.9638671875, 2455.45361328125, 1063.7060546875], [2451.21240234375, 2078.497802734375, 2556.0712890625, 2229.564208984375], [2436.976318359375, 1032.45361328125, 2500.567626953125, 1112.03955078125], [1648.839599609375, 726.0165405273438, 1716.18701171875, 791.6947631835938], [2514.2666015625, 1046.72607421875, 2555.68408203125, 1267.535400390625], [2489.972412109375, 2358.2978515625, 2529.742431640625, 2414.5791015625], [2537.37109375, 1494.9056396484375, 2560.0, 1676.8900146484375], [1869.54541015625, 2302.169189453125, 1929.0966796875, 2367.465576171875], [2421.058837890625, 2181.947509765625, 2502.510986328125, 2261.338623046875], [2493.43310546875, 2238.392822265625, 2542.56494140625, 2309.654052734375], [2194.3134765625, 541.4441528320312, 2256.0986328125, 