{"labels": [0, 0, 0, 0, 0, 0, 0, 0, 0, 0, 0, 0, 0, 0, 0, 0, 0, 0, 0, 0, 0, 0, 0, 0], "scores": [0.9985331296920776, 0.9976730942726135, 0.9971000552177429, 0.9970308542251587, 0.9944381713867188, 0.9932396411895752, 0.9850317239761353, 0.9822057485580444, 0.9759484529495239, 0.9562103748321533, 0.9553785920143127, 0.950716495513916, 0.8805820941925049, 0.8625892400741577, 0.7785246968269348, 0.11698225885629654, 0.08486342430114746, 0.07556493580341339, 0.07030776143074036, 0.06898871809244156, 0.065932497382164, 0.05845572054386139, 0.051736436784267426, 0.050616487860679626], "bboxes": [[1342.251953125, 706.1728515625, 2104.444580078125, 1495.349609375], [4181.1044921875, 781.63037109375, 4721.57666015625, 1471.10107421875], [2152.287109375, 156.18951416015625, 3344.93994140625, 1511.644287109375], [3354.903564453125, 630.1658325195312, 4175.38427734375, 1498.08154296875], [238.37918090820312, 642.0960083007812, 1253.0191650390625, 1528.8909912109375], [3993.15673828125, 2131.605224609375, 4425.8779296875, 2613.071044921875], [1758.9495849609375, 2173.8701171875, 2076.1728515625, 2422.181640625], [2119.730712890625, 2176.228271484375, 2514.224609375, 2445.502197265625], [3616.8876953125, 2143.03759765625, 4000.650390625, 2387.511474609375], [1448.6240234375, 2167.7939453125, 1700.8795166015625, 2418.444091796875], [2553.088134765625, 2246.16845703125, 2779.79052734375, 2464.26171875], [4483.8154296875, 2134.798583984375, 4798.765625, 2612.220703125], [2933.610107421875, 2207.196044921875, 3154.983642578125, 2388.41259765625], [3384.025634765625, 2161.50634765625, 3595.158203125, 2346.711181640625], [3184.47314453125, 2185.0, 3353.091552734375, 2413.45263671875], [4663.94189453125, 2347.18359375, 4796.45849609375, 2670.88427734375], [599.845947265625, 562.794189453125, 941.6209106445312, 788.917724609375], [4667.85693359375, 2161.333740234375, 4792.12158203125, 2611.870849609375], [4588.6728515625, 2209.187255859375, 4800.0, 2703.0], [3106.873046875, 2202.010986328125, 3295.57373046875, 2383.939453125], [4766.5146484375, 603.6080932617188, 4797.8212890625, 1297.2972412109375], [4589.27099609375, 2554.5224609375, 4796.861328125, 2703.0], [3416.46044921875, 2163.142333984375, 3716.0517578125, 2370.568359375], [3562.054931640625, 2187.3271484375, 3840.43017578125, 2366.337890625]]}