{"labels": [0, 0, 0, 0, 0, 0, 0, 0, 0, 0, 0, 0, 0, 0, 0, 0, 0, 0, 0, 0, 0, 0, 0, 0, 0, 0, 0, 0, 0, 0, 0, 0, 0, 0, 0, 0, 0, 0, 0, 0, 0, 0, 0, 0, 0, 0, 0, 0, 0, 0, 0, 0, 0, 0, 0, 0, 0, 0, 0, 0, 0, 0, 0, 0, 0, 0, 0, 0, 0, 0, 0, 0, 0, 0, 0, 0, 0, 0, 0, 0, 0, 0, 0, 0, 0, 0], "scores": [0.885249674320221, 0.8848708868026733, 0.8730822801589966, 0.823805034160614, 0.7596750855445862, 0.6847023963928223, 0.6547418832778931, 0.6328276991844177, 0.6213014125823975, 0.5803215503692627, 0.5607187151908875, 0.5281583070755005, 0.4990793764591217, 0.4570692181587219, 0.45188555121421814, 0.4496675729751587, 0.4466773569583893, 0.42726555466651917, 0.40110620856285095, 0.3971497416496277, 0.396921843290329, 0.39124882221221924, 0.33160021901130676, 0.2893486022949219, 0.23259614408016205, 0.23243649303913116, 0.20973049104213715, 0.19723761081695557, 0.13980057835578918, 0.1396310031414032, 0.13143940269947052, 0.12964513897895813, 0.11767380684614182, 0.1165352463722229, 0.10711459815502167, 0.10585653781890869, 0.10551592707633972, 0.10024837404489517, 0.09627746790647507, 0.09379272162914276, 0.09254039824008942, 0.09229955822229385, 0.08969875425100327, 0.08531934022903442, 0.08523215353488922, 0.08415620028972626, 0.08337428420782089, 0.08128198981285095, 0.08091491460800171, 0.07988572865724564, 0.07868272811174393, 0.07491710036993027, 0.07402195781469345, 0.07212432473897934, 0.06824465095996857, 0.06571819633245468, 0.0651739314198494, 0.06469262391328812, 0.06372088193893433, 0.06334913522005081, 0.06125198304653168, 0.06100841239094734, 0.06016407161951065, 0.05955465883016586, 0.05886581167578697, 0.05883164703845978, 0.05833602696657181, 0.057692185044288635, 0.05684439465403557, 0.05547329783439636, 0.0554470419883728, 0.05374410003423691, 0.052879706025123596, 0.05286463722586632, 0.05275087058544159, 0.052392296493053436, 0.052179139107465744, 0.052035484462976456, 0.05200900882482529, 0.051520753651857376, 0.051466070115566254, 0.051314759999513626, 0.050874676555395126, 0.0508621409535408, 0.050680533051490784, 0.050071485340595245], "bboxes": [[532.4092407226562, 1423.0213623046875, 656.7630004882812, 1516.6583251953125], [631.8154907226562, 1184.3033447265625, 762.4177856445312, 1288.5775146484375], [1895.1905517578125, 1372.0084228515625, 2002.0904541015625, 1466.7366943359375], [2114.810546875, 513.2321166992188, 2209.5341796875, 618.8648071289062], [1439.8592529296875, 1663.3729248046875, 1546.5030517578125, 1759.5701904296875], [965.5404663085938, 28.772327423095703, 1056.282958984375, 118.89070129394531], [813.0079956054688, 854.7881469726562, 914.1627807617188, 949.7073364257812], [1557.214111328125, 2160.052978515625, 1652.109619140625, 2262.047607421875], [2026.1710205078125, 183.3894805908203, 2131.495361328125, 297.3782958984375], [205.52552795410156, 2121.02392578125, 297.5799560546875, 2221.5615234375], [1389.9315185546875, 1826.7252197265625, 1458.7784423828125, 1875.4630126953125], [1853.3291015625, 1491.6160888671875, 1946.222412109375, 1583.3350830078125], [1662.9512939453125, 2083.97900390625, 1759.3807373046875, 2177.2900390625], [1690.2816162109375, 330.6585693359375, 1745.4134521484375, 391.25335693359375], [1342.208251953125, 1906.436279296875, 1447.86572265625, 1976.121337890625], [1491.9559326171875, 2468.53076171875, 1585.9266357421875, 2556.51025390625], [1427.1912841796875, 217.87454223632812, 1491.3343505859375, 295.4904479980469], [1589.8712158203125, 275.7062683105469, 1669.2750244140625, 376.5934753417969], [1535.9271240234375, 1436.7100830078125, 1620.6927490234375, 1495.6893310546875], [1492.92626953125, 871.85986328125, 1576.397216796875, 952.4189453125], [1744.536865234375, 2364.41259765625, 1800.822509765625, 2423.98974609375], [2046.1177978515625, 481.76629638671875, 2096.113037109375, 544.0108032226562], [513.8851928710938, 287.14007568359375, 569.4763793945312, 351.511474609375], [1662.88330078125, 2437.168212890625, 1724.97216796875, 2500.545166015625], [1120.0107421875, 2480.693115234375, 1186.178466796875, 2554.050048828125], [162.2090606689453, 1945.74267578125, 240.4235382080078, 2011.778564453125], [881.8387451171875, 586.6089477539062, 955.1761474609375, 645.1240844726562], [1503.1353759765625, 1324.317138671875, 1569.4417724609375, 1391.55224609375], [1648.2479248046875, 2420.221435546875, 1708.8846435546875, 2476.405029296875], [1683.4547119140625, 2418.245361328125, 1741.0438232421875, 2476.468994140625], [1502.3514404296875, 1351.2198486328125, 1559.7974853515625, 1408.4691162109375], [1726.6307373046875, 2356.489501953125, 1785.9451904296875, 2415.345458984375], [1538.5875244140625, 1402.5220947265625, 1602.2896728515625, 1459.5203857421875], [1490.7862548828125, 1442.5648193359375, 1556.2784423828125, 1497.7635498046875], [1207.6796875, 2472.709228515625, 1264.8837890625, 2547.091064453125], [1621.6929931640625, 1080.753662109375, 1713.2156982421875, 1155.2626953125], [1496.3314208984375, 889.3612060546875, 1597.3087158203125, 997.0572509765625], [1377.7823486328125, 1862.0367431640625, 1452.7686767578125, 1918.5628662109375], [1419.8968505859375, 1210.3367919921875, 1489.7252197265625, 1262.0289306640625], [1348.894775390625, 1823.339111328125, 1409.554931640625, 1873.689697265625], [1411.595703125, 1101.9329833984375, 1474.91748046875, 1156.2777099609375], [935.3411254882812, 380.43359375, 1140.7984619140625, 761.65234375], [1685.154052734375, 2378.816162109375, 1734.486572265625, 2429.154541015625], [2080.82861328125, 507.8672180175781, 2144.92041015625, 577.4386596679688], [1621.748291015625, 289.2919921875, 1684.62158203125, 360.284912109375], [2113.22509765625, 190.274658203125, 2193.6337890625, 293.372802734375], [1511.403564453125, 1437.2581787109375, 1581.084716796875, 1494.5330810546875], [1501.5537109375, 964.2172241210938, 1572.586669921875, 1024.562255859375], [1429.278564453125, 1562.2550048828125, 1506.2255859375, 1617.7467041015625], [1669.0845947265625, 307.57818603515625, 1729.5198974609375, 381.25909423828125], [1374.176025390625, 1819.2908935546875, 1437.47509765625, 1864.4627685546875], [1453.3717041015625, 1325.4969482421875, 1509.1873779296875, 1379.7982177734375], [1384.1568603515625, 1844.118408203125, 1459.9769287109375, 1894.20654296875], [1634.7147216796875, 381.6439208984375, 1682.5233154296875, 427.8238525390625], [1822.9781494140625, 975.3804931640625, 1873.7281494140625, 1030.8626708984375], [217.9764862060547, 2153.132080078125, 288.4488220214844, 2232.143310546875], [1670.9815673828125, 2389.61572265625, 1725.2950439453125, 2440.9501953125], [2543.03076171875, 264.46368408203125, 2560.0, 506.32476806640625], [1805.64404296875, 707.2483520507812, 1867.29443359375, 763.7482299804688], [1494.7435302734375, 1365.090087890625, 1545.2938232421875, 1416.69921875], [1577.72314453125, 831.7415161132812, 1633.28076171875, 885.3342895507812], [1713.43115234375, 2351.008056640625, 1763.10888671875, 2398.698486328125], [2064.610595703125, 489.27008056640625, 2116.249267578125, 544.8259887695312], [671.360595703125, 1323.81201171875, 757.90185546875, 1381.780517578125], [1633.49169921875, 2398.626220703125, 1689.843505859375, 2447.156494140625], [2545.024169921875, 460.5823974609375, 2560.0, 728.7823486328125], [1434.28466796875, 1582.125, 1508.975830078125, 1650.437255859375], [1639.8043212890625, 352.1751708984375, 1686.7020263671875, 407.83660888671875], [1610.000732421875, 366.07647705078125, 1660.309326171875, 417.03948974609375], [1453.5216064453125, 223.7688751220703, 1507.4945068359375, 288.9444580078125], [2546.261962890625, 351.57000732421875, 2560.0, 614.9772338867188], [1482.634521484375, 1304.2861328125, 1535.825927734375, 1348.93310546875], [1597.818115234375, 2166.65966796875, 1685.029541015625, 2260.61572265625], [1527.6851806640625, 1340.0062255859375, 1586.2623291015625, 1395.9591064453125], [1713.44921875, 2426.529296875, 1764.11474609375, 2480.92822265625], [618.7802124023438, 1185.88623046875, 714.5900268554688, 1264.006103515625], [516.9155883789062, 