{"labels": [0, 0, 0, 0, 0, 0, 0, 0, 0, 0, 0, 0, 0, 0, 0, 0, 0, 0, 0, 0, 0, 0, 0, 0, 0, 0, 0, 0, 0, 0, 0, 0, 0, 0, 0, 0], "scores": [0.9761936664581299, 0.9604679346084595, 0.94789057970047, 0.9391341209411621, 0.9299490451812744, 0.9266471862792969, 0.9246916770935059, 0.9230548739433289, 0.9185344576835632, 0.9184976816177368, 0.9083046913146973, 0.9052489399909973, 0.8983293175697327, 0.8801708221435547, 0.8799391984939575, 0.864481508731842, 0.7482295632362366, 0.7474448084831238, 0.697329580783844, 0.4106406271457672, 0.1424647867679596, 0.12219326943159103, 0.10219985246658325, 0.09800861030817032, 0.08370250463485718, 0.07967042922973633, 0.07908637821674347, 0.07893703132867813, 0.07408054918050766, 0.07167726010084152, 0.06978733837604523, 0.06920602917671204, 0.0686979666352272, 0.06855152547359467, 0.06763239204883575, 0.06631071865558624], "bboxes": [[1429.4051513671875, 1531.978271484375, 1583.7049560546875, 1674.547607421875], [1751.9102783203125, 1489.9564208984375, 1904.4183349609375, 1603.7720947265625], [1276.099609375, 1260.613037109375, 1420.3271484375, 1390.635009765625], [1488.841796875, 1195.6151123046875, 1612.9208984375, 1358.3079833984375], [843.6749267578125, 711.2017822265625, 975.09375, 859.7755126953125], [681.1460571289062, 803.9955444335938, 814.9545288085938, 936.2538452148438], [1126.74365234375, 1003.5823974609375, 1262.296875, 1135.2679443359375], [977.1605224609375, 638.5470581054688, 1102.3118896484375, 770.7039184570312], [1590.032470703125, 1797.244384765625, 1718.47900390625, 1929.04443359375], [1297.8470458984375, 101.99957275390625, 1409.9166259765625, 216.67059326171875], [1255.060302734375, 485.5687255859375, 1363.7314453125, 625.616943359375], [2225.861572265625, 2057.799072265625, 2351.818115234375, 2188.472412109375], [1110.92431640625, 563.7711181640625, 1236.261474609375, 696.1156005859375], [1375.7855224609375, 401.92266845703125, 1511.3148193359375, 539.577392578125], [1201.636474609375, 1149.899658203125, 1347.432861328125, 1259.439697265625], [2377.249267578125, 1976.62109375, 2477.155029296875, 2101.008056640625], [442.3196716308594, 974.8634033203125, 546.9678955078125, 1085.9635009765625], [567.0947875976562, 897.9426879882812, 671.1001586914062, 1015.5404663085938], [1714.8511962890625, 2116.074462890625, 1863.3485107421875, 2273.984619140625], [1994.2747802734375, 1976.8204345703125, 2091.595458984375, 2062.567138671875], [1367.4007568359375, 378.2017517089844, 1466.7130126953125, 470.4424133300781], [829.599853515625, 696.258056640625, 931.4825439453125, 782.814697265625], [2521.70654296875, 1939.0821533203125, 2556.41357421875, 2152.18212890625], [2524.2744140625, 2003.9033203125, 2558.9462890625, 2216.4765625], [1108.8074951171875, 545.0944213867188, 1183.3936767578125, 608.9821166992188], [974.5101318359375, 615.7115478515625, 1044.07861328125, 672.9891357421875], [1108.150146484375, 544.8853759765625, 1206.64404296875, 650.7994384765625], [548.287109375, 892.4488525390625, 650.9580078125, 982.0677490234375], [975.3584594726562, 616.039306640625, 1067.7911376953125, 709.1630859375], [671.2426147460938, 792.3086547851562, 777.6189575195312, 891.7468872070312], [2491.96826171875, 2028.4561767578125, 2539.70849609375, 2117.09326171875], [2462.288330078125, 1996.9130859375, 2524.452392578125, 2095.9267578125], [1484.5595703125, 1181.518310546875, 1562.103271484375, 1250.719482421875], [2514.253173828125, 2030.77490234375, 2555.307861328125, 2127.6103515625], [2508.96435546875, 2005.419921875, 2551.4912109375, 2096.111328125], [1242.2186279296875, 1171.685791015625, 1368.7933349609375, 1255.8046875]]}