{"labels": [0, 0, 0, 0, 0, 0, 0, 0, 0, 0, 0, 0, 0, 0, 0, 0, 0, 0, 0, 0, 0, 0, 0, 0, 0, 0, 0, 0, 0, 0, 0, 0, 0, 0, 0, 0, 0, 0, 0, 0, 0, 0, 0, 0, 0, 0, 0, 0, 0, 0, 0, 0, 0, 0, 0, 0, 0, 0, 0, 0, 0, 0, 0, 0, 0, 0, 0, 0, 0, 0, 0, 0, 0, 0, 0, 0, 0, 0, 0, 0, 0, 0, 0, 0, 0, 0, 0, 0, 0, 0, 0, 0, 0, 0, 0, 0, 0, 0, 0, 0], "scores": [0.8847386837005615, 0.7685757279396057, 0.7330164313316345, 0.651212215423584, 0.6490123271942139, 0.6305840611457825, 0.6099202632904053, 0.606445848941803, 0.6050060987472534, 0.6043211817741394, 0.5933196544647217, 0.5875877141952515, 0.5655200481414795, 0.5633388757705688, 0.5619711875915527, 0.5522167682647705, 0.5487366318702698, 0.5352765917778015, 0.5284901857376099, 0.5110291242599487, 0.49733710289001465, 0.48270344734191895, 0.47456100583076477, 0.46637120842933655, 0.4610055387020111, 0.45772606134414673, 0.4557651877403259, 0.4539879560470581, 0.4365691542625427, 0.4189451038837433, 0.41640549898147583, 0.41356098651885986, 0.40729665756225586, 0.4055761992931366, 0.4054495394229889, 0.40085074305534363, 0.3805236518383026, 0.36859890818595886, 0.36825379729270935, 0.36629754304885864, 0.365546852350235, 0.36499783396720886, 0.36408913135528564, 0.350091814994812, 0.33203643560409546, 0.3213311433792114, 0.3145454525947571, 0.30458682775497437, 0.3013698160648346, 0.2870446443557739, 0.28547319769859314, 0.28487592935562134, 0.2843071520328522, 0.28267860412597656, 0.27975642681121826, 0.2760493755340576, 0.2742815911769867, 0.2688309848308563, 0.26717162132263184, 0.26665788888931274, 0.26509344577789307, 0.25828817486763, 0.25222572684288025, 0.24580612778663635, 0.2358880639076233, 0.2354656308889389, 0.23492036759853363, 0.23169094324111938, 0.2280949056148529, 0.2270289808511734, 0.22592130303382874, 0.21713599562644958, 0.21090321242809296, 0.2068871408700943, 0.20502622425556183, 0.19988398253917694, 0.19971498847007751, 0.1937389373779297, 0.19281180202960968, 0.19249173998832703, 0.19191370904445648, 0.1894134134054184, 0.18910227715969086, 0.17933951318264008, 0.17855124175548553, 0.17591284215450287, 0.1742810308933258, 0.17133869230747223, 0.17087529599666595, 0.168666273355484, 0.16774620115756989, 0.16415244340896606, 0.1639893651008606, 0.16249465942382812, 0.16069787740707397, 0.16047516465187073, 0.15737389028072357, 0.15538270771503448, 0.15462157130241394, 0.15426230430603027], "bboxes": [[298.42401123046875, 2028.232666015625, 408.4757080078125, 2143.942626953125], [2398.027587890625, 1352.5106201171875, 2499.294189453125, 1461.3333740234375], [653.2997436523438, 291.6989440917969, 717.3912963867188, 353.9052429199219], [303.91949462890625, 2437.814208984375, 402.61761474609375, 2527.484130859375], [1797.7635498046875, 281.3293151855469, 1890.3555908203125, 352.1692810058594], [684.2772827148438, 217.37545776367188, 738.2529907226562, 282.58172607421875], [2419.8095703125, 1641.614013671875, 2497.4716796875, 1715.742431640625], [2185.04296875, 1518.45068359375, 2267.81982421875, 1591.037353515625], [990.413818359375, 364.44268798828125, 1044.65673828125, 422.4884033203125], [1888.697509765625, 1685.1048583984375, 1964.48779296875, 1774.6778564453125], [2182.384521484375, 2163.623046875, 2271.595458984375, 2262.52880859375], [1985.0869140625, 1689.6143798828125, 2057.0830078125, 1769.4049072265625], [821.53759765625, 2062.59765625, 905.255126953125, 2187.416015625], [1801.926025390625, 1689.7276611328125, 1875.3271484375, 1773.8729248046875], [2281.251220703125, 794.8193359375, 2383.781005859375, 879.9761962890625], [409.6042785644531, 2061.387451171875, 492.7430725097656, 2163.694580078125], [2265.893798828125, 1353.590576171875, 2341.052001953125, 1417.643798828125], [2195.910888671875, 577.762939453125, 2264.501708984375, 656.4039306640625], [520.9926147460938, 2065.328857421875, 598.1829223632812, 2159.162841796875], [1956.7335205078125, 420.8163757324219, 2049.552978515625, 523.0498657226562], [1998.824951171875, 2004.6915283203125, 2081.738525390625, 2110.617431640625], [2465.7509765625, 1571.7882080078125, 2545.927734375, 1645.6942138671875], [2123.62451171875, 500.74072265625, 2206.11328125, 597.4527587890625], [2060.52392578125, 451.7479248046875, 2140.78369140625, 557.2359619140625], [814.0319213867188, 1655.6053466796875, 871.6609497070312, 1724.6346435546875], [2487.117919921875, 1815.323974609375, 2559.190673828125, 1928.73046875], [538.8030395507812, 216.19639587402344, 594.2335815429688, 289.02313232421875], [723.0812377929688, 214.71604919433594, 774.1058959960938, 278.57781982421875], [437.6321105957031, 1899.7305908203125, 519.603515625, 1974.4217529296875], [2236.729248046875, 2225.680908203125, 2321.502685546875, 2310.743408203125], [0.2760143280029297, 2261.47607421875, 47.240562438964844, 2343.74169921875], [721.1006469726562, 2046.827392578125, 805.4368286132812, 2141.892822265625], [938.8770751953125, 1849.3602294921875, 1009.3819580078125, 1915.1632080078125], [165.8838348388672, 1466.077880859375, 236.52369689941406, 1523.886474609375], [2491.728515625, 503.2605895996094, 2560.0, 592.35595703125], [0.8248481750488281, 451.757080078125, 61.11125183105469, 548.8547973632812], [742.3930053710938, 201.75088500976562, 792.7443237304688, 263.29364013671875], [2126.190673828125, 2114.20068359375, 2205.943115234375, 2223.0126953125], [949.3806762695312, 1877.029296875, 1036.8583984375, 1957.438232421875], [200.68544006347656, 1534.09765625, 267.8834533691406, 1591.086181640625], [779.7890625, 1661.794189453125, 836.291748046875, 1728.90185546875], [724.2189331054688, 1669.81689453125, 782.3480834960938, 1731.037841796875], [1691.01123046875, 393.3580627441406, 1780.478515625, 477.7568054199219], [239.07986450195312, 1596.5177001953125, 305.6124572753906, 1654.6895751953125], [745.0131225585938, 1666.85693359375, 803.6071166992188, 1732.67529296875], [2286.88818359375, 2295.431884765625, 2370.31982421875, 2386.466552734375], [976.0646362304688, 382.16253662109375, 1030.654052734375, 433.941162109375], [231.36666870117188, 340.49127197265625, 316.2314147949219, 399.48846435546875], [2314.604736328125, 868.1588745117188, 2418.052001953125, 946.2572631835938], [297.71905517578125, 1653.8912353515625, 355.46435546875, 1702.6063232421875], [638.5498657226562, 217.25570678710938, 687.7711791992188, 283.96514892578125], [929.8056640625, 416.86614990234375, 988.42822265625, 475.754638671875], [159.8656005859375, 523.7962646484375, 213.69195556640625, 585.60205078125], [612.4420166015625, 456.37677001953125, 689.108642578125, 560.2801513671875], [2527.112060546875, 1996.01708984375, 2560.0, 2117.31640625], [760.7040405273438, 1650.1971435546875, 823.7472534179688, 1723.5174560546875], [682.0687255859375, 1672.192138671875, 739.96923828125, 1728.217041015625], [677.6714477539062, 208.2635040283203, 729.4384155273438, 263.1614990234375], [907.9548950195312, 417.8224182128906, 967.9783325195312, 476.5289611816406], [260.30450439453125, 1613.7734375, 333.88568115234375, 1679.053466796875], [2159.877197265625, 2138.258056640625, 2241.510009765625, 2234.261962890625], [631.7262573242188, 445.55841064453125, 686.1442260742188, 516.4513549804688], [400.15692138671875, 219.92800903320312, 454.5782470703125, 267.0511779785156], [2499.73876953125, 410.8463134765625, 2559.4150390625, 586.2977294921875], [283.3916931152344, 437.69158935546875, 351.0321350097656, 500.70050048828125], [283.98333740234375, 416.8446350097656, 353.8955078125, 478.2775573730469], [640.4629516601562, 290.5964050292969, 692.3829956054688, 346.5138244628906], [222.6737060546875, 1565.047607421875, 285.42730712890625, 1624.734619140625], [952.5206909179688, 1835.6431884765625, 1023.6030883789062, 1902.3179931640625], [974.1906127929688, 1780.805908203125, 1063.097412109375, 1850.203125], [671.7283935546875, 235.33868408203125, 729.281494140625, 303.0196533203125], [1638.42138671875, 1940.8109130859375, 1714.5556640625, 2045.0853271484375], [282.3651123046875, 1643.8985595703125, 346.58935546875, 1695.3775634765625], 