{"labels": [0, 0, 0, 0, 0, 0, 0, 0, 0, 0, 0, 0, 0, 0, 0, 0, 0, 0, 0, 0, 0, 0, 0, 0, 0, 0, 0, 0, 0, 0, 0, 0, 0, 0, 0, 0, 0, 0, 0, 0, 0, 0, 0, 0, 0, 0, 0, 0, 0, 0, 0, 0, 0, 0, 0, 0, 0, 0, 0, 0, 0, 0, 0, 0, 0, 0, 0, 0, 0, 0, 0, 0, 0, 0, 0, 0, 0, 0, 0, 0, 0, 0, 0, 0, 0, 0, 0, 0, 0, 0, 0, 0, 0, 0, 0, 0, 0, 0, 0, 0], "scores": [0.9996541738510132, 0.9994760155677795, 0.99928218126297, 0.9992469549179077, 0.999221682548523, 0.9991897940635681, 0.9990911483764648, 0.998489499092102, 0.9968070983886719, 0.21166910231113434, 0.002618625061586499, 0.001437876489944756, 0.0006940087769180536, 0.000648177694529295, 0.0006368239410221577, 0.0006229639402590692, 0.000580693013034761, 0.0005420793313533068, 0.0005115318926982582, 0.0004986925050616264, 0.0004554346378426999, 0.00045400121598504484, 0.000427878723712638, 0.0004043775552418083, 0.0004042658256366849, 0.0003885903279297054, 0.00038385638617910445, 0.00033553142566233873, 0.00033365993294864893, 0.00029459851793944836, 0.0002836011990439147, 0.0002822729293256998, 0.0002623968757688999, 0.00024406869488302618, 0.00021010733325965703, 0.00020203253370709717, 0.00019559952488634735, 0.00017575695528648794, 0.00017236467101611197, 0.00014788810221944004, 0.00012783972488250583, 0.00012529593368526548, 0.00012523523764684796, 0.00012140913895564154, 0.00011142398579977453, 0.00010388372174929827, 9.21193350222893e-05, 8.804991375654936e-05, 8.133553637890145e-05, 8.045282447710633e-05, 7.77560198912397e-05, 7.379901217063889e-05, 7.131325401132926e-05, 6.352661148412153e-05, 6.305066926870495e-05, 5.99369996052701e-05, 5.602248347713612e-05, 5.27153788425494e-05, 4.5653061533812433e-05, 4.529710713541135e-05, 4.492447988013737e-05, 4.468460974749178e-05, 4.428440297488123e-05, 4.0988124965224415e-05, 3.5599983675638214e-05, 3.455036130617373e-05, 3.4129396226489916e-05, 3.179190753144212e-05, 2.9128352252882905e-05, 2.8994491003686562e-05, 2.8787746487068944e-05, 2.8042268240824342e-05, 2.5421466489206068e-05, 2.3604290618095547e-05, 2.3509577658842318e-05, 2.225577372882981e-05, 2.1444293452077545e-05, 2.1394780560513027e-05, 2.1372408809838817e-05, 1.896865614980925e-05, 1.8905540855485015e-05, 1.797306140360888e-05, 1.7847129129222594e-05, 1.7302380001638085e-05, 1.633457577554509e-05, 1.004673231363995e-05, 9.738929293234833e-06, 1.80122253823356e-06, 1.7498218767286744e-06, 1.23784002425964e-06, 1.1502693268994335e-06, 1.1463858982097008e-06, 1.0933522389677819e-06, 8.270012017419504e-07, 7.789359415255603e-07, 6.229830660231528e-07, 6.212998187038465e-07, 6.005522550367459e-07, 5.350340188670089e-07, 5.194433470023796e-07], "bboxes": [[1905.2666015625, 1304.371826171875, 2106.561279296875, 1522.787841796875], [712.9526977539062, 1137.61279296875, 1012.7802734375, 1386.5267333984375], [3360.881591796875, 125.54405975341797, 3692.76806640625, 376.9132385253906], [4147.3193359375, 1251.048095703125, 4363.0263671875, 1468.006103515625], [1918.4326171875, 1627.938232421875, 2107.945556640625, 1841.0135498046875], [4421.15625, 548.6126098632812, 4735.26904296875, 824.7385864257812], [2369.5146484375, 162.19090270996094, 2595.037353515625, 383.0611572265625], [3092.90185546875, 894.173583984375, 3416.4228515625, 1154.0101318359375], [3436.197509765625, 797.880615234375, 3733.082275390625, 1180.3822021484375], [1143.81494140625, 277.7369079589844, 1327.91845703125, 443.4947204589844], [1128.234619140625, 275.4073181152344, 1321.1473388671875, 450.48138427734375], [1137.4599609375, 272.6278991699219, 1328.7147216796875, 447.6743469238281], [1107.9991455078125, 235.5211944580078, 1323.412109375, 413.8390197753906], [3483.950439453125, 0.0, 4040.400634765625, 19.374542236328125], [4783.16796875, 489.57073974609375, 4800.0, 779.9608764648438], [4785.00439453125, 551.27490234375, 4800.0, 844.5116577148438], [4785.9306640625, 566.5123901367188, 4800.0, 866.4892578125], [4786.7802734375, 1240.6285400390625, 4800.0, 1476.2181396484375], [4795.0234375, 1052.4705810546875, 4799.99951171875, 1320.375244140625], [3422.370849609375, 801.4486694335938, 3713.0966796875, 1174.883544921875], [4783.09130859375, 1168.421875, 4800.0, 1410.102294921875], [4793.361328125, 597.2449951171875, 4800.0, 881.96435546875], [1116.765869140625, 261.8953857421875, 1309.631591796875, 440.2977600097656], [4275.970703125, 0.0, 4514.17236328125, 74.98883819580078], [4780.93310546875, 201.67213439941406, 4800.0, 457.7104797363281], [1107.0462646484375, 240.9628143310547, 1304.6619873046875, 420.8136901855469], [4701.83984375, 1280.488525390625, 4775.36865234375, 1502.6318359375], [4794.6162109375, 588.0704345703125, 4800.0, 864.0543212890625], [4790.29296875, 367.9051818847656, 4800.0, 641.5908203125], [4794.744140625, 443.1288757324219, 4800.0, 745.846435546875], [3905.893310546875, 0.0, 4237.953125, 79.8841552734375], [4722.12109375, 0.0, 4800.0, 54.971492767333984], [3413.95703125, 802.6138916015625, 3703.56640625, 1165.3782958984375], [4791.14501953125, 1415.248291015625, 4799.98486328125, 1657.792724609375], [4796.0166015625, 1065.7708740234375, 4799.9931640625, 1294.7196044921875], [4782.59423828125, 672.73974609375, 4800.0, 952.4708251953125], [0.0, 1156.63427734375, 9.468852996826172, 1441.2611083984375], [4437.3662109375, 0.0, 4749.859375, 40.12811279296875], [3380.359130859375, 2.5880625247955322, 3787.7705078125, 99.02068328857422], [3410.078857421875, 843.9431762695312, 3695.28369140625, 1190.9202880859375], [52.726436614990234, 0.0, 136.7438201904297, 57.47402572631836], [4786.47314453125, 1537.382568359375, 4800.0, 1793.1771240234375], [4585.576171875, 0.0, 4763.837890625, 107.72283172607422], [4796.9853515625, 1266.407470703125, 4800.0, 1530.12841796875], [4791.4765625, 563.7193603515625, 4800.0, 871.72412109375], [37.19040298461914, 1173.238037109375, 71.64875030517578, 1408.749755859375], [4650.65869140625, 1276.6378173828125, 4737.798828125, 1492.8233642578125], [3409.381103515625, 807.4839477539062, 3698.41357421875, 1179.3271484375], [4779.79150390625, 1307.6607666015625, 4799.8017578125, 1592.2921142578125], [4541.43701171875, 879.5785522460938, 4663.70947265625, 1218.6259765625], [4767.83056640625, 802.4929809570312, 4800.0, 1069.1126708984375], [0.0, 1102.333740234375, 11.162031173706055, 1391.8475341796875], [4756.60498046875, 1798.228515625, 4795.6396484375, 2067.1298828125], [1846.0404052734375, 0.0, 2332.414306640625, 19.606382369995117], [4685.14404296875, 505.8145446777344, 4714.78955078125, 818.4561157226562], [4494.80517578125, 865.9345703125, 4672.63818359375, 1194.5887451171875], [0.009495859034359455, 1129.6951904296875, 5.963312149047852, 1461.4871826171875], [3152.26318359375, 914.8358764648438, 3466.073974609375, 1166.22998046875], [4306.6044921875, 945.7545166015625, 4482.93359375, 1257.3782958984375], [1823.920166015625, 0.0, 2344.55810546875, 35.775978088378906], [0.020618924871087074, 962.6504516601562, 3.5754220485687256, 1266.3287353515625], [1667.165771484375, 0.0, 2176.061767578125, 18.13321304321289], [0.010789185762405396, 1265.9400634765625, 19.54364585876465, 1517.7286376953125], [0.04174690693616867, 1225.609130859375, 12.141278266906738, 1489.72509765625], [4781.41064453125, 1404.7762451171875, 4799.95556640625, 1640.88134765625], [207.37461853027344, 3.6812758445739746, 664.9381103515625, 34.586143493652344], [0.026178080588579178, 1242.4891357421875, 4.718842029571533, 1534.5665283203125], [549.360595703125, 1554.03564453125, 621.13037109375, 1812.9010009765625], [0.08308421820402145, 805.4158325195312, 9.394050598144531, 1054.308837890625], [0.0278997253626585, 1304.317626953125, 7.615444183349609, 1583.37548828125], [3604.62109375, 825.6353759765625, 3873.742431640625, 1131.747802734375], [0.6198031902313232, 1172.3612060546875, 18.760969161987305, 1453.9195556640625], [0.11551269143819809, 1768.658447265625, 9.789408683776855, 2046.01123046875], [0.19702641665935516, 489.294921875, 6.04303503036499, 816.37744140625], [14.340203285217285, 544.8164672851562, 39.74110794067383, 