{"labels": [0, 0, 0, 0, 0, 0, 0, 0, 0, 0, 0, 0, 0, 0, 0, 0, 0, 0, 0, 0, 0, 0, 0, 0, 0, 0, 0, 0, 0, 0, 0, 0, 0, 0, 0, 0, 0, 0, 0, 0, 0, 0, 0, 0, 0, 0, 0, 0, 0, 0, 0, 0, 0, 0, 0, 0, 0, 0, 0, 0, 0, 0, 0, 0, 0, 0, 0, 0, 0, 0, 0, 0, 0, 0, 0, 0, 0, 0, 0, 0, 0, 0, 0, 0, 0, 0, 0, 0, 0, 0, 0, 0, 0, 0, 0, 0, 0, 0, 0, 0], "scores": [0.9990699887275696, 0.9986371397972107, 0.9978440999984741, 0.997797966003418, 0.9976179003715515, 0.9964953064918518, 0.9957929849624634, 0.9955735206604004, 0.9937815070152283, 0.9935736060142517, 0.9785650372505188, 0.9783168435096741, 0.9772606492042542, 0.9133506417274475, 0.8687635660171509, 0.8650871515274048, 0.7910445332527161, 0.7872065305709839, 0.7430996298789978, 0.7351086735725403, 0.6958808898925781, 0.4720920920372009, 0.4531857371330261, 0.4174407422542572, 0.3459119498729706, 0.31355613470077515, 0.28786054253578186, 0.2689030170440674, 0.24737288057804108, 0.2326565831899643, 0.2286016345024109, 0.1869819015264511, 0.16471950709819794, 0.16103924810886383, 0.16033998131752014, 0.15777377784252167, 0.12730656564235687, 0.11498251557350159, 0.10058290511369705, 0.0757448822259903, 0.07547998428344727, 0.07501567155122757, 0.07009941339492798, 0.0670076236128807, 0.05824108049273491, 0.0546133778989315, 0.04895743355154991, 0.04486759752035141, 0.03493468835949898, 0.030701063573360443, 0.01561261247843504, 0.011374196968972683, 0.010105492547154427, 0.008897362276911736, 0.005633242428302765, 0.00556115573272109, 0.005364769138395786, 0.004339842591434717, 0.004166291560977697, 0.0041323471814394, 0.00364351412281394, 0.0031929248943924904, 0.0028523809742182493, 0.002677010837942362, 0.002478748792782426, 0.0024637544993311167, 0.002463202690705657, 0.002340019680559635, 0.002331641735509038, 0.00229269010014832, 0.001466618967242539, 0.0014081145636737347, 0.0013643429847434163, 0.001082224422134459, 0.000980704091489315, 0.0009591084672138095, 0.000897528778295964, 0.0008475357899442315, 0.0007933031301945448, 0.0005774711607955396, 0.0005553632508963346, 0.0005181079031899571, 0.0004667773609980941, 0.0004605152935255319, 0.00043017181451432407, 0.00041164239519275725, 0.000382472324417904, 0.00037970408448018134, 0.00037091728881932795, 0.00036346548586152494, 0.00033661871566437185, 0.00033506666659377515, 0.0002932129136752337, 0.0002901990374084562, 0.00028251283220015466, 0.000280078238574788, 0.00020605414465535432, 0.00018009444465860724, 0.00017187152116093785, 0.0001564047415740788], "bboxes": [[793.9996948242188, 282.64129638671875, 902.6209106445312, 405.965576171875], [1444.917724609375, 444.1962890625, 1570.193115234375, 586.4623413085938], [1636.0224609375, 690.3347778320312, 1743.066162109375, 821.2288818359375], [2184.415771484375, 2386.16259765625, 2288.53466796875, 2482.63232421875], [1475.9661865234375, 817.0040283203125, 1588.8934326171875, 948.0595703125], [1035.728515625, 200.6123809814453, 1153.436767578125, 339.79254150390625], [1307.875244140625, 361.71771240234375, 1431.740966796875, 501.79608154296875], [1870.9339599609375, 1705.535400390625, 1974.0517578125, 1843.3681640625], [2097.43212890625, 1856.4840087890625, 2205.247314453125, 1987.537353515625], [1172.52001953125, 276.57952880859375, 1284.84912109375, 408.1198425292969], [1411.73046875, 1237.669677734375, 1488.309814453125, 1306.70361328125], [2322.0625, 2016.5263671875, 2406.3486328125, 2094.525634765625], [752.6612548828125, 689.8953247070312, 826.791015625, 762.1112060546875], [1994.4052734375, 1797.258056640625, 2069.965576171875, 1893.962646484375], [925.2337036132812, 753.85400390625, 1002.5685424804688, 824.7978515625], [2208.888671875, 1968.9658203125, 2277.491943359375, 2048.8701171875], [1987.3402099609375, 1796.873291015625, 2060.7607421875, 1891.5904541015625], [2209.2646484375, 1968.744140625, 2276.595703125, 2047.307373046875], [2307.349609375, 2125.64111328125, 2401.12255859375, 2212.0595703125], [2268.21875, 2213.925048828125, 2361.667724609375, 2300.0859375], [2225.703125, 1979.1400146484375, 2296.33251953125, 2058.487548828125], [2266.523681640625, 2225.47314453125, 2357.957275390625, 2312.63525390625], [923.9244384765625, 757.8610229492188, 1000.1481323242188, 827.4075317382812], [911.98876953125, 1550.855224609375, 985.0104370117188, 1625.740478515625], [961.4109497070312, 1453.1744384765625, 1038.76953125, 1534.35791015625], [1771.345703125, 1646.5982666015625, 1835.9273681640625, 1721.4407958984375], [1400.5484619140625, 23.765987396240234, 1474.9322509765625, 104.0579833984375], [1190.8470458984375, 1331.147705078125, 1254.272705078125, 1409.1650390625], [2256.7197265625, 2250.768798828125, 2349.73583984375, 2340.003662109375], [2272.708740234375, 2176.862060546875, 2363.46728515625, 2262.10595703125], [1571.6107177734375, 1604.2047119140625, 1644.372314453125, 1685.8695068359375], [1161.439697265625, 1328.050048828125, 1226.85205078125, 1406.793701171875], [1518.355224609375, 79.31678771972656, 1594.162841796875, 166.3264923095703], [1505.155029296875, 75.23683166503906, 1580.4412841796875, 160.41494750976562], [1090.324462890625, 1310.6427001953125, 1163.1348876953125, 1392.536865234375], [1385.2034912109375, 13.312556266784668, 1455.8480224609375, 84.92448425292969], [2293.05126953125, 2169.87841796875, 2375.239013671875, 2250.11669921875], [2417.078857421875, 2128.49755859375, 2486.005859375, 2218.970703125], [1566.2457275390625, 1596.1116943359375, 1640.6324462890625, 1679.27734375], [974.2151489257812, 1404.441162109375, 1054.865234375, 1489.031005859375], [1009.1736450195312, 1347.567138671875, 1103.755615234375, 1442.30712890625], [2553.273193359375, 1979.606201171875, 2560.0, 2107.941650390625], [1987.4234619140625, 1792.522705078125, 2061.800537109375, 1891.138671875], [2187.26611328125, 2374.04150390625, 2289.35986328125, 2469.36376953125], [2320.023193359375, 2023.8421630859375, 2401.37646484375, 2103.291015625], [949.25341796875, 1469.045166015625, 1019.5841674804688, 1547.180419921875], [1758.0933837890625, 1631.856201171875, 1831.893310546875, 1711.728759765625], [2542.60693359375, 2027.1646728515625, 2560.0, 2142.21728515625], [2005.2828369140625, 1800.1097412109375, 2073.843994140625, 1893.460205078125], [2356.051513671875, 2009.363525390625, 2432.35986328125, 2098.64697265625], [903.9337158203125, 1554.919189453125, 974.3796997070312, 1630.8829345703125], [2558.47705078125, 1918.0338134765625, 2560.0, 2043.3111572265625], [894.5771484375, 1559.57763671875, 963.5343017578125, 1637.8826904296875], [2542.40966796875, 1233.547607421875, 2560.0, 1390.11767578125], [1161.63525390625, 280.10516357421875, 1269.469970703125, 403.71783447265625], [1293.3751220703125, 354.2778015136719, 1418.3729248046875, 492.7852478027344], [2552.70947265625, 1309.906494140625, 2560.0, 1471.1512451171875], [1416.670166015625, 1244.27490234375, 1493.156982421875, 1317.2371826171875], [1388.3944091796875, 1248.7996826171875, 1462.0279541015625, 1324.0853271484375], [1152.64208984375, 272.04815673828125, 1263.0013427734375, 401.3083801269531], [1168.389404296875, 278.8169250488281, 1281.6142578125, 408.72406005859375], [2557.146728515625, 161.00616455078125, 2560.0, 316.0097351074219], [2555.490966796875, 446.405517578125, 2560.0, 633.7024536132812], [2548.27587890625, 1045.5662841796875, 2560.0, 1202.5322265625], [2556.33056640625, 1230.4041748046875, 2560.0, 1390.656982421875], [1288.7484130859375, 357.4836730957031, 1415.860595703125, 499.9010314941406], [1008.6427612304688, 186.5287628173828, 1122.4132080078125, 323.55499267578125], [2555.275146484375, 749.8206787109375, 2560.0, 926.0719604492188], [1288.127685546875, 345.533447265625, 1417.7840576171875, 482.23468017578125], [2556.8408203125, 827.6417846679688, 2559.998779296875, 1001.2979736328125], [0.021134614944458008, 1426.4466552734375, 5.589423656463623, 1591.1015625], [1267.0413818359375, 342.61370849609375, 1396.0728759765625, 481.32061767578125], [1452.392822265625, 413.2557678222656, 1607.8233642578125, 575.7368774414062], [99.71669006347656, 