{"labels": [0, 0, 0, 0, 0, 0, 0, 0, 0, 0, 0, 0, 0, 0, 0, 0, 0, 0, 0, 0, 0, 0, 0, 0, 0, 0, 0, 0, 0, 0, 0, 0, 0, 0, 0, 0, 0, 0, 0, 0, 0, 0, 0, 0, 0, 0, 0, 0, 0, 0, 0, 0, 0, 0, 0, 0, 0, 0, 0, 0, 0, 0, 0, 0, 0, 0, 0, 0, 0, 0, 0, 0, 0, 0, 0, 0, 0, 0, 0, 0, 0, 0, 0, 0, 0, 0, 0, 0, 0, 0, 0, 0, 0, 0, 0, 0, 0, 0, 0, 0], "scores": [0.9999314546585083, 0.9998816251754761, 0.9998101592063904, 0.9998044371604919, 0.9997765421867371, 0.9996569156646729, 0.9995591044425964, 0.9994801878929138, 0.9993941783905029, 0.9991161227226257, 0.9985275268554688, 0.9907839298248291, 0.5436887145042419, 0.0038926885463297367, 0.0024609281681478024, 0.002296390710398555, 0.0022103143855929375, 0.0020902068354189396, 0.001434767502360046, 0.0013732101069763303, 0.0012436890974640846, 0.0012103203916922212, 0.0012045536423102021, 0.0010293062077835202, 0.0009303183178417385, 0.0009259793441742659, 0.0008924604044295847, 0.0008422144455835223, 0.0008056405349634588, 0.0007605347200296819, 0.0007208819733932614, 0.0007208710885606706, 0.0007008924148976803, 0.0006971349939703941, 0.000696759729180485, 0.0006914374534972012, 0.0006634449819102883, 0.0006185754900798202, 0.0006164070218801498, 0.0006027595954947174, 0.0005812462186440825, 0.0005503485444933176, 0.0005419191438704729, 0.0005226904759183526, 0.0005093839135952294, 0.0004943244275636971, 0.0004883835790678859, 0.00045332618174143136, 0.00042324012611061335, 0.0004047781403642148, 0.0004036127356812358, 0.000390728993806988, 0.00038656225660815835, 0.00036460411502048373, 0.00035817359457723796, 0.0003214647003915161, 0.00028256321093067527, 0.00027611051336862147, 0.00022853979317005724, 0.00022773367527406663, 0.00021847878815606236, 0.0002050524635706097, 0.00019954601884819567, 0.0001914661843329668, 0.00018946015916299075, 0.00018585359794087708, 0.00018383470887783915, 0.0001817959564505145, 0.00016019960457924753, 0.000158261667820625, 0.00015799087123014033, 0.00012056993000442162, 8.79032741067931e-05, 8.602697198512033e-05, 8.219075971283019e-05, 8.094518125290051e-05, 7.946116238599643e-05, 7.389082747977227e-05, 6.944762571947649e-05, 6.640170613536611e-05, 5.7729881518753245e-05, 4.972980605089106e-05, 4.121231904719025e-05, 3.762144115171395e-05, 3.666190605144948e-05, 3.215613105567172e-05, 3.0412016712944023e-05, 2.899156061175745e-05, 2.0879399016848765e-05, 1.3760848560195882e-05, 1.3328093700692989e-05, 4.201282536087092e-06, 3.5856421618518652e-06, 3.0552951102436054e-06, 3.0265850909927394e-06, 2.551637635406223e-06, 2.532925236664596e-06, 2.3559798592032166e-06, 1.8858096382246003e-06, 5.369103064367664e-07], "bboxes": [[1985.2196044921875, 1415.447265625, 2464.442626953125, 1971.2601318359375], [1487.1585693359375, 1465.8931884765625, 1950.443359375, 1998.9722900390625], [971.2035522460938, 1414.2276611328125, 1446.7900390625, 1957.918212890625], [2308.98583984375, 81.69631958007812, 2782.76708984375, 584.1715087890625], [0.012785197235643864, 1478.8126220703125, 385.4931945800781, 1936.9957275390625], [445.0491638183594, 1469.4619140625, 926.2525024414062, 1953.862548828125], [2923.9970703125, 165.26785278320312, 3193.560302734375, 490.8973693847656], [4282.9951171875, 1297.662353515625, 4545.62158203125, 1595.8717041015625], [3978.0244140625, 1295.7559814453125, 4239.78125, 1596.6396484375], [4395.732421875, 123.64387512207031, 4800.0, 562.834228515625], [161.44119262695312, 267.5828857421875, 361.05487060546875, 497.9294128417969], [92.43798828125, 755.3623657226562, 311.1033020019531, 973.8604125976562], [97.04749298095703, 755.165771484375, 315.4524230957031, 973.6333618164062], [75.53984832763672, 779.4427490234375, 295.49554443359375, 987.057861328125], [0.0, 726.0676879882812, 39.815956115722656, 983.0939331054688], [29.66737937927246, 781.591796875, 163.6366729736328, 991.801513671875], [0.0, 816.856201171875, 12.927935600280762, 1113.665283203125], [5.780071258544922, 775.1499633789062, 110.1987075805664, 996.2075805664062], [40.56338882446289, 785.0261840820312, 218.6203155517578, 986.4680786132812], [0.0, 788.788330078125, 22.469959259033203, 1109.139892578125], [4756.58935546875, 1270.1048583984375, 4799.84130859375, 1570.6658935546875], [0.0, 1060.9783935546875, 25.93317222595215, 1425.636474609375], [0.0, 252.4690704345703, 16.358673095703125, 537.7484741210938], [0.06700997054576874, 1450.2376708984375, 16.66377830505371, 1867.2818603515625], [569.8470458984375, 748.1078491210938, 585.0362548828125, 1088.53662109375], [0.06691329926252365, 1433.31689453125, 25.54014778137207, 1897.5084228515625], [0.029046647250652313, 1469.0694580078125, 10.462727546691895, 1920.934814453125], [55.44154357910156, 263.6799011230469, 204.52903747558594, 506.4263916015625], [0.048914555460214615, 1422.8935546875, 12.175975799560547, 1891.6376953125], [4761.49462890625, 1277.15966796875, 4799.88525390625, 1580.1507568359375], [0.026699436828494072, 1434.176025390625, 6.4199299812316895, 1831.52685546875], [0.0, 182.39817810058594, 22.457502365112305, 515.409423828125], [4746.67578125, 1316.5010986328125, 4799.91357421875, 1620.556884765625], [0.006539840716868639, 1411.681396484375, 8.635034561157227, 1870.5234375], [0.07417090237140656, 1433.8564453125, 11.833005905151367, 1816.2294921875], [0.0757858157157898, 1482.7406005859375, 13.403980255126953, 1912.689697265625], [4705.67333984375, 1301.75439453125, 4789.65576171875, 1626.989501953125], [4790.72021484375, 256.24737548828125, 4800.0, 633.3203735351562], [4781.0224609375, 154.26902770996094, 4800.0, 590.616455078125], [0.0, 82.21202850341797, 27.700984954833984, 362.79693603515625], [4765.96875, 49.08454513549805, 4800.0, 424.1688232421875], [4.7176618576049805, 17.940563201904297, 100.3418197631836, 276.8846130371094], [4782.38818359375, 46.344383239746094, 4800.0, 402.9382019042969], [4785.6630859375, 1284.01318359375, 4800.0, 1626.88037109375], [4764.22265625, 143.16725158691406, 4800.0, 586.2201538085938], [4781.814453125, 5.7744221687316895, 4800.0, 339.1061096191406], [13.321602821350098, 245.4183349609375, 130.8503875732422, 506.0105285644531], [4789.33349609375, 0.10258764773607254, 4800.0, 220.46315002441406], [4789.8740234375, 320.51507568359375, 4800.0, 614.2057495117188], [0.09191036969423294, 1538.14599609375, 12.144303321838379, 1969.6251220703125], [0.0, 1399.5186767578125, 8.413437843322754, 1837.9945068359375], [4727.6962890625, 1319.8011474609375, 4796.880859375, 1627.1446533203125], [4787.67431640625, 1295.762451171875, 4800.0, 1601.0311279296875], [4735.81787109375, 1309.2227783203125, 4798.57861328125, 1613.3367919921875], [0.0, 161.80625915527344, 76.71553039550781, 476.3080749511719], [4794.61181640625, 284.7401428222656, 4800.0, 614.1246337890625], [4749.25244140625, 72.57693481445312, 4800.0, 502.0170593261719], [4760.7900390625, 1254.229736328125, 4800.0, 1546.55224609375], [4776.44482421875, 1312.734619140625, 4799.90478515625, 1629.7119140625], [4755.6669921875, 57.177642822265625, 4800.0, 378.91680908203125], [4726.88623046875, 32.55903244018555, 4800.0, 322.4831237792969], [4796.80712890625, 1305.147216796875, 4800.0, 1609.92822265625], [2994.86328125, 0.0, 3592.842529296875, 6.431684494018555], [4782.931640625, 932.093505859375, 4800.0, 1232.3507080078125], [0.0, 1385.5814208984375, 21.536130905151367, 1783.7607421875], [4737.18017578125, 1343.0927734375, 4798.08251953125, 1648.2115478515625], [4797.50048828125, 1274.8350830078125, 4799.99658203125, 1576.114990234375], [4792.90869140625, 1301.79248046875, 4799.9990234375, 1602.2718505859375], [4584.0693359375, 1306.0921630859375, 4713.32763671875, 1603.6412353515625], [4784.587890625, 343.5393371582031, 4800.0, 626.2479248046875], [0.09444840252399445, 1413.925537109375, 27.856618881225586, 1923.371337890625], [4781.76708984375, 1433.662841796875, 4800.0, 1760.7437744140625], [3553.694091796875, 0.0, 3949.14990234375, 41.39789962768555], [3.4109764099121094, 1445.32470703125, 48.591583251953125, 2016.7374267578125], [0.06628856062889099, 2497.292236328125, 