{"labels": [0, 0, 0, 0, 0, 0, 0, 0, 0, 0, 0, 0, 0, 0, 0, 0, 0, 0, 0, 0, 0, 0, 0, 0, 0, 0, 0, 0, 0, 0, 0, 0, 0, 0, 0, 0, 0, 0, 0, 0, 0, 0, 0, 0, 0, 0, 0, 0, 0, 0, 0, 0, 0, 0, 0, 0, 0, 0, 0, 0, 0, 0, 0, 0, 0, 0, 0, 0, 0, 0, 0, 0, 0, 0, 0, 0, 0, 0, 0, 0, 0, 0, 0, 0, 0, 0, 0, 0, 0, 0, 0, 0, 0, 0, 0, 0, 0, 0, 0, 0], "scores": [0.9996140599250793, 0.9995254278182983, 0.9994977712631226, 0.9990787506103516, 0.9990549683570862, 0.9982607960700989, 0.9981813430786133, 0.9971864819526672, 0.9943544864654541, 0.02695881947875023, 0.025694210082292557, 0.017437493428587914, 0.009758878499269485, 0.008789605461061, 0.005613402463495731, 0.004243297502398491, 0.0037133144214749336, 0.0033365043345838785, 0.0028681266121566296, 0.0028093059081584215, 0.0024528633803129196, 0.002373108407482505, 0.0023560780100524426, 0.002305410336703062, 0.00210103509016335, 0.002010708674788475, 0.001977788982912898, 0.0018789601745083928, 0.0017169659258797765, 0.001683881040662527, 0.0015893375966697931, 0.001501585473306477, 0.0014845506520941854, 0.0013256914680823684, 0.001277082017622888, 0.0012091882526874542, 0.0011328738182783127, 0.0011315407464280725, 0.0010107336565852165, 0.0009446401963941753, 0.0008905759314075112, 0.0008249705424532294, 0.0007803578628227115, 0.0006888991338200867, 0.0006644694367423654, 0.0006452599191106856, 0.000514489016495645, 0.0003822767757810652, 0.00031887387740425766, 0.00029343130881898105, 0.0002911473857238889, 0.00025424439809285104, 0.00018442021973896772, 0.00018345331773161888, 0.00014266687503550202, 0.00011325629748171195, 8.450056338915601e-05, 8.221052121371031e-05, 8.216866990551353e-05, 8.015241473913193e-05, 7.876619201852009e-05, 7.796719000907615e-05, 7.536246266681701e-05, 7.418517634505406e-05, 6.77166972309351e-05, 6.665528781013563e-05, 6.39951613266021e-05, 5.668773883371614e-05, 5.4215903219301254e-05, 5.2092309488216415e-05, 4.643904321710579e-05, 4.582683686749078e-05, 4.4971544411964715e-05, 4.412926864461042e-05, 4.365486529422924e-05, 4.257050750311464e-05, 4.019503103336319e-05, 3.8237205444602296e-05, 3.7847363273613155e-05, 3.5706983908312395e-05, 3.5500310332281515e-05, 3.240350270061754e-05, 3.112862032139674e-05, 2.8796197511837818e-05, 2.857916842913255e-05, 2.8461619876907207e-05, 2.651905560924206e-05, 2.6360105039202608e-05, 2.5247007215511985e-05, 2.4996390493470244e-05, 2.3448361389455386e-05, 2.0210674847476184e-05, 1.8355493011767976e-05, 1.801599864847958e-05, 1.7556423699716106e-05, 1.3714261513086967e-05, 1.284429345105309e-05, 1.2105778296245262e-05, 8.168697604560293e-06, 7.876776180637535e-06], "bboxes": [[1720.636962890625, 488.7114562988281, 2202.252197265625, 895.7982177734375], [711.2760009765625, 1082.58984375, 1143.9971923828125, 1482.770263671875], [747.5894775390625, 591.4745483398438, 1121.76220703125, 966.6714477539062], [3019.11962890625, 2363.607666015625, 3298.829833984375, 2598.801025390625], [4147.9794921875, 2370.699462890625, 4369.4921875, 2595.662841796875], [3952.7236328125, 0.9053149223327637, 4188.65234375, 189.369873046875], [3618.038818359375, 2369.674072265625, 3853.9638671875, 2588.053466796875], [3866.806640625, 2368.97705078125, 4101.9306640625, 2580.804931640625], [3330.28955078125, 2356.103271484375, 3600.009033203125, 2592.957763671875], [3866.3203125, 2359.7197265625, 4102.35693359375, 2570.697265625], [3879.50146484375, 2360.128662109375, 4113.068359375, 2571.089599609375], [3854.062255859375, 2361.6279296875, 4090.820068359375, 2575.51513671875], [3831.074462890625, 2504.6875, 4136.716796875, 2695.805908203125], [3231.221435546875, 2592.53173828125, 3578.865966796875, 2702.47216796875], [4589.412109375, 2508.3388671875, 4741.26513671875, 2698.13818359375], [4046.113525390625, 2540.696533203125, 4356.0615234375, 2699.372802734375], [3579.2705078125, 2386.964111328125, 3830.832275390625, 2622.356201171875], [4589.25634765625, 2374.94287109375, 4727.45556640625, 2624.646484375], [3938.55126953125, 2387.7470703125, 4177.32666015625, 2609.7451171875], [3619.84423828125, 2352.5927734375, 3853.4267578125, 2581.437744140625], [3569.05859375, 2444.95263671875, 3873.79833984375, 2670.9990234375], [3855.746826171875, 0.4148566722869873, 4257.59765625, 121.30755615234375], [3616.779052734375, 2378.1416015625, 3855.6904296875, 2607.6708984375], [4482.9892578125, 2419.1083984375, 4660.98583984375, 2650.009033203125], [4757.5302734375, 2370.13916015625, 4800.0, 2649.022705078125], [4659.6220703125, 2378.755126953125, 4776.3935546875, 2632.05517578125], [3924.053466796875, 1.0275630950927734, 4209.4482421875, 159.45262145996094], [4251.947265625, 0.0, 4633.0341796875, 42.745304107666016], [3895.858154296875, 0.3979097902774811, 4209.703125, 110.82933807373047], [4118.52880859375, 0.0, 4401.13623046875, 150.20458984375], [4329.6455078125, 2393.818359375, 4541.80615234375, 2632.116943359375], [3809.4755859375, 1.0559539794921875, 4225.81787109375, 126.25239562988281], [3331.561279296875, 2382.279052734375, 3597.167236328125, 2623.751708984375], [3335.571533203125, 2377.27001953125, 3590.73779296875, 2608.645263671875], [4636.20703125, 0.0, 4769.6728515625, 95.61222076416016], [3896.35791015625, 0.0, 4279.5439453125, 55.31813430786133], [4217.3037109375, 0.0, 4521.0830078125, 82.84758758544922], [4765.7705078125, 2659.48779296875, 4800.0, 2702.999755859375], [3885.144775390625, 0.03782088682055473, 4349.25390625, 19.32834243774414], [3537.7060546875, 2448.62646484375, 3838.11669921875, 2674.37890625], [4774.61083984375, 0.0, 4799.96875, 108.3022232055664], [4762.80810546875, 0.0, 4800.0, 115.01178741455078], [4732.98876953125, 2356.45361328125, 4800.0, 2626.544189453125], [4576.69189453125, 2333.87744140625, 4714.4072265625, 2560.721923828125], [4673.03662109375, 2306.407958984375, 4785.09716796875, 2562.66650390625], [2982.5, 2407.754638671875, 3246.180419921875, 2623.33154296875], [2962.861572265625, 2542.21337890625, 3264.768310546875, 2695.498779296875], [3012.50830078125, 2357.65478515625, 3287.51708984375, 2600.121826171875], [2990.826416015625, 2387.529052734375, 3268.863037109375, 2622.822509765625], [4767.0625, 2662.302490234375, 4799.69091796875, 2702.999755859375], [0.0, 1170.76513671875, 15.212974548339844, 1573.6500244140625], [3068.01416015625, 2672.578369140625, 3486.76318359375, 2702.999755859375], [10.7042818069458, 1094.9737548828125, 40.093509674072266, 1433.01123046875], [72.3376693725586, 1168.8143310546875, 126.4923095703125, 1477.62939453125], [4720.431640625, 0.0, 4800.0, 102.01481628417969], [4778.470703125, 1501.920166015625, 4799.9921875, 1794.179931640625], [278.5208435058594, 0.0, 582.0606079101562, 21.926982879638672], [4791.43603515625, 50.32500457763672, 4800.0, 260.94915771484375], [4794.33447265625, 616.763916015625, 4800.0, 906.4088745117188], [2.9617533683776855, 471.60504150390625, 46.919769287109375, 992.3837280273438], [0.005485117435455322, 0.0, 14.869311332702637, 135.75132751464844], [4705.61474609375, 0.0, 4800.0, 170.1608428955078], [10.043487548828125, 518.4667358398438, 51.839595794677734, 876.70947265625], [0.0, 1151.0511474609375, 7.3330559730529785, 1620.0428466796875], [4494.3271484375, 0.0, 4571.90087890625, 120.6810531616211], [127.82343292236328, 1076.658203125, 235.73463439941406, 1446.4505615234375], [92.66268920898438, 1079.773193359375, 187.2872772216797, 1458.8426513671875], [0.0, 242.9024200439453, 34.410850524902344, 477.77777099609375], [0.12141131609678268, 1865.2861328125, 10.944388389587402, 2164.590576171875], [0.021153688430786133, 99.4872817993164, 8.803913116455078, 367.17340087890625], [9.84390926361084, 1200.65185546875, 44.584163665771484, 1594.859130859375], [0.0046273693442344666, 1184.0819091796875, 5.857299327850342, 1540.3704833984375], [2.5474348068237305, 1171.0152587890625, 24.728479385375977, 1590.7783203125], [0.0, 120.28063201904297, 16.24960708618164, 316.977294921875], [0.074144646525383, 2276.47216796875, 12.60379409790039, 2597.6357421875], [78.75525665283203, 1151.8863525390625, 