{"labels": [0, 0, 0, 0, 0, 0, 0, 0, 0, 0, 0, 0, 0, 0, 0, 0, 0, 0, 0, 0, 0, 0, 0, 0, 0, 0, 0, 0, 0, 0, 0, 0, 0, 0, 0, 0, 0, 0, 0, 0, 0, 0, 0, 0, 0, 0, 0, 0, 0, 0, 0, 0, 0, 0, 0, 0, 0, 0, 0, 0, 0, 0, 0, 0, 0, 0, 0, 0, 0, 0, 0, 0, 0, 0, 0, 0, 0, 0, 0, 0, 0, 0, 0, 0, 0, 0, 0, 0, 0, 0, 0, 0, 0, 0, 0, 0, 0, 0, 0, 0], "scores": [0.9993007183074951, 0.9989897608757019, 0.9981144666671753, 0.9976244568824768, 0.9972766041755676, 0.9966192245483398, 0.9955093860626221, 0.994707465171814, 0.9927896857261658, 0.9914229512214661, 0.9905185103416443, 0.989267885684967, 0.9879244565963745, 0.9724671840667725, 0.9589579105377197, 0.9228205680847168, 0.916854977607727, 0.9130691289901733, 0.898595929145813, 0.8933334350585938, 0.8733047246932983, 0.8603151440620422, 0.8583332896232605, 0.8345730304718018, 0.8139892816543579, 0.6104020476341248, 0.5911509990692139, 0.49199792742729187, 0.47752663493156433, 0.36031457781791687, 0.3484393358230591, 0.3158003091812134, 0.24158361554145813, 0.21664467453956604, 0.19781994819641113, 0.16049131751060486, 0.14896978437900543, 0.13561899960041046, 0.13427914679050446, 0.11991145461797714, 0.10377049446105957, 0.08216848969459534, 0.07731017470359802, 0.06903301924467087, 0.0685046836733818, 0.059206001460552216, 0.05231742560863495, 0.052157558500766754, 0.04140492528676987, 0.041401904076337814, 0.03963403403759003, 0.03808683902025223, 0.034192975610494614, 0.029997659847140312, 0.027881670743227005, 0.022645719349384308, 0.02245623618364334, 0.021758761256933212, 0.020195964723825455, 0.0198231004178524, 0.019310586154460907, 0.01859482377767563, 0.015326009131968021, 0.015273826196789742, 0.015047314576804638, 0.015012413263320923, 0.013999979943037033, 0.013475082814693451, 0.01277266163378954, 0.012013472616672516, 0.010941492393612862, 0.010752211324870586, 0.009721596725285053, 0.00910397432744503, 0.008598698303103447, 0.008061393164098263, 0.00783752091228962, 0.007213228847831488, 0.007187718525528908, 0.007070450112223625, 0.0063722990453243256, 0.006087946705520153, 0.005000642966479063, 0.003717634128406644, 0.003678117645904422, 0.0034883737098425627, 0.0032914301846176386, 0.0025099371559917927, 0.0024727722629904747, 0.0024621461052447557, 0.0020550009794533253, 0.0016399987507611513, 0.0015466243494302034, 0.0014940688852220774, 0.0014667854411527514, 0.0014348822878673673, 0.0013944328529760242, 0.001118502696044743, 0.0011083108838647604, 0.0009356898372061551], "bboxes": [[2118.8798828125, 508.1238708496094, 2215.4111328125, 606.1519165039062], [582.1947021484375, 435.45111083984375, 707.1689453125, 568.8330078125], [810.0410766601562, 849.7531127929688, 920.4364013671875, 948.3093872070312], [1685.578125, 311.5372009277344, 1761.258056640625, 394.1358642578125], [543.8533935546875, 1413.468505859375, 664.6754150390625, 1520.39599609375], [1190.5137939453125, 2251.698974609375, 1305.992431640625, 2352.1611328125], [1182.843017578125, 104.28428649902344, 1271.383056640625, 211.4346160888672], [208.5623016357422, 1824.829345703125, 314.3115539550781, 1921.603271484375], [1650.736328125, 726.242919921875, 1755.2982177734375, 812.6669921875], [327.4229736328125, 1756.5009765625, 454.0685119628906, 1887.260498046875], [168.56997680664062, 1945.1031494140625, 237.8463897705078, 2012.9791259765625], [1340.6719970703125, 1904.8597412109375, 1444.158935546875, 1999.438232421875], [1421.2919921875, 198.38571166992188, 1495.533935546875, 289.48541259765625], [1425.839599609375, 1658.144775390625, 1542.972900390625, 1751.686279296875], [1293.250244140625, 2044.86328125, 1372.353271484375, 2121.6884765625], [1601.108154296875, 281.9357604980469, 1662.8218994140625, 349.18524169921875], [1147.9346923828125, 629.0254516601562, 1224.193359375, 711.0557861328125], [1288.9697265625, 2045.8896484375, 1366.572021484375, 2120.706298828125], [1519.4417724609375, 254.57864379882812, 1584.8306884765625, 322.25262451171875], [1511.060791015625, 250.939453125, 1574.0716552734375, 316.03424072265625], [212.5393524169922, 1820.2484130859375, 320.01654052734375, 1918.1500244140625], [1527.19970703125, 258.47625732421875, 1592.18017578125, 325.95147705078125], [1969.0189208984375, 1287.0330810546875, 2044.479248046875, 1350.2457275390625], [1603.3138427734375, 284.2402648925781, 1664.1158447265625, 348.8029479980469], [2021.670654296875, 1168.3121337890625, 2086.4423828125, 1233.3997802734375], [1557.6107177734375, 265.31268310546875, 1621.2506103515625, 332.7126770019531], [1167.91845703125, 734.2438354492188, 1244.8878173828125, 804.697509765625], [1659.969970703125, 2403.922119140625, 1730.042236328125, 2482.77294921875], [1613.7493896484375, 289.11260986328125, 1675.510009765625, 358.80645751953125], [1042.1480712890625, 928.2015380859375, 1147.559814453125, 1022.6927490234375], [1608.8438720703125, 286.86822509765625, 1668.8258056640625, 353.390380859375], [1117.348876953125, 2490.7626953125, 1210.4769287109375, 2559.828125], [1464.282958984375, 230.3013916015625, 1531.018310546875, 301.3941955566406], [1152.290283203125, 729.4973754882812, 1239.4879150390625, 807.445068359375], [1187.701416015625, 2221.28759765625, 1281.1246337890625, 2306.0888671875], [1132.530517578125, 730.4288940429688, 1230.7099609375, 819.2073364257812], [1653.4097900390625, 2405.41748046875, 1724.1470947265625, 2486.20556640625], [1205.691162109375, 2197.97705078125, 1299.0460205078125, 2281.39892578125], [1138.419921875, 2261.8251953125, 1247.897705078125, 2366.071044921875], [1590.0743408203125, 277.12506103515625, 1650.19140625, 340.7257080078125], [1300.617431640625, 2029.388916015625, 1375.4923095703125, 2106.50244140625], [1963.3831787109375, 1290.806396484375, 2038.5751953125, 1352.226318359375], [1438.271240234375, 219.1932373046875, 1507.926513671875, 300.092041015625], [1190.102294921875, 2254.63916015625, 1299.63916015625, 2351.93115234375], [1182.7486572265625, 2260.0791015625, 1287.519287109375, 2356.36181640625], [1473.317138671875, 1925.0072021484375, 1630.329833984375, 2046.606201171875], [1773.509765625, 2108.403076171875, 1892.407958984375, 2230.385986328125], [1779.4117431640625, 2094.633056640625, 1893.0966796875, 2214.723388671875], [1523.5418701171875, 1296.0504150390625, 1640.826904296875, 1389.6746826171875], [167.3517608642578, 1944.403076171875, 246.8927459716797, 2021.6448974609375], [155.77276611328125, 1947.613525390625, 218.65869140625, 2017.115966796875], [1028.036376953125, 909.4207153320312, 1137.510498046875, 1007.9201049804688], [1523.8756103515625, 1248.37841796875, 1646.2425537109375, 1347.9365234375], [198.1752471923828, 1835.9788818359375, 292.23919677734375, 1932.9642333984375], [1519.912841796875, 1296.93408203125, 1643.697998046875, 1396.8818359375], [1135.7401123046875, 634.2157592773438, 1216.0789794921875, 722.4205322265625], [1309.5966796875, 1956.4652099609375, 1396.609130859375, 2040.2125244140625], [1254.379638671875, 31.8633975982666, 1369.8958740234375, 65.53510284423828], [270.5294494628906, 1769.938720703125, 375.84783935546875, 1888.469970703125], [2442.13818359375, 30.113300323486328, 2495.91845703125, 82.22205352783203], [2033.2884521484375, 1164.6968994140625, 2099.91943359375, 1231.45947265625], [1649.9566650390625, 720.0, 1765.912109375, 814.5018310546875], [209.42727661132812, 1821.7822265625, 310.3418273925781, 1924.224609375], [1783.1783447265625, 753.6435546875, 1921.6204833984375, 865.4666748046875], [1321.803466796875, 1928.5191650390625, 1409.8955078125, 2018.500732421875], [2026.917724609375, 1166.391357421875, 2095.749755859375, 1235.738037109375], [1326.292236328125, 1912.744873046875, 1417.717041015625, 2004.71484375], [300.0454406738281, 1762.353515625, 412.04730224609375, 1886.770263671875], [0.6003046035766602, 1874.8802490234375, 10.949164390563965, 1986.7396240234375], [2534.20751953125, 1710.781005859375, 2560.0, 1855.678466796875], [35.532291412353516, 1793.57421875, 87.44258117675781, 1914.0631103515625], [193.32675170898438, 1766.688232421875, 290.1792297363281, 