{"labels": [0, 0, 0, 0, 0, 0, 0, 0, 0, 0, 0, 0, 0, 0, 0, 0, 0, 0, 0, 0, 0, 0, 0, 0, 0, 0, 0, 0, 0, 0, 0, 0, 0, 0, 0, 0, 0, 0, 0, 0, 0, 0, 0, 0, 0, 0, 0, 0, 0, 0, 0, 0, 0, 0, 0, 0, 0, 0, 0, 0, 0, 0, 0, 0, 0, 0, 0, 0, 0, 0, 0, 0, 0, 0, 0, 0, 0, 0, 0, 0, 0, 0, 0, 0, 0, 0, 0, 0, 0, 0, 0, 0, 0, 0, 0, 0, 0, 0, 0, 0], "scores": [0.9988290667533875, 0.9988014698028564, 0.9960887432098389, 0.9955045580863953, 0.9947435855865479, 0.9944478273391724, 0.9944304823875427, 0.9927207827568054, 0.9903096556663513, 0.9866096377372742, 0.9825467467308044, 0.9819973111152649, 0.9794961810112, 0.974758505821228, 0.9743788838386536, 0.9619214534759521, 0.9529411792755127, 0.9527410864830017, 0.9518778324127197, 0.9500287175178528, 0.9469205141067505, 0.9437589645385742, 0.9364409446716309, 0.9305562376976013, 0.9299605488777161, 0.9271120429039001, 0.9197888970375061, 0.9041084051132202, 0.8847235441207886, 0.8796892166137695, 0.8460604548454285, 0.8395857214927673, 0.8363516330718994, 0.7581067681312561, 0.7547929883003235, 0.7480638027191162, 0.7466167211532593, 0.7460139989852905, 0.7119346857070923, 0.6889703273773193, 0.6847372055053711, 0.6712729930877686, 0.6630207896232605, 0.6414664387702942, 0.6341827511787415, 0.6202834844589233, 0.6124688386917114, 0.5499411225318909, 0.5423024892807007, 0.528866708278656, 0.5049766302108765, 0.4377526342868805, 0.42653071880340576, 0.4142868220806122, 0.40320366621017456, 0.3759845197200775, 0.3680841326713562, 0.36558663845062256, 0.33267948031425476, 0.31074872612953186, 0.30586597323417664, 0.3026922643184662, 0.3007146418094635, 0.23638486862182617, 0.23416882753372192, 0.2080821841955185, 0.19012896716594696, 0.18811087310314178, 0.17699462175369263, 0.17507067322731018, 0.1634591966867447, 0.11576943099498749, 0.1051335260272026, 0.10345686227083206, 0.09719757735729218, 0.09656081348657608, 0.07910246402025223, 0.07078243046998978, 0.06953754276037216, 0.06858496367931366, 0.06811807304620743, 0.06645792722702026, 0.06244196742773056, 0.054421693086624146, 0.050273437052965164, 0.04813408479094505, 0.044954564422369, 0.03108077123761177, 0.029478084295988083, 0.026727385818958282, 0.025525106117129326, 0.023323187604546547, 0.01968955807387829, 0.019263001158833504, 0.017333362251520157, 0.012349517084658146, 0.004013309720903635, 0.00029530125902965665, 0.00027778244111686945, 0.00021522873430512846], "bboxes": [[843.6422729492188, 726.0545654296875, 959.533203125, 847.1929931640625], [685.2864990234375, 573.3656616210938, 804.6172485351562, 723.226318359375], [2424.221435546875, 2399.56640625, 2511.5478515625, 2481.878662109375], [0.0, 1081.608642578125, 67.50885772705078, 1210.304443359375], [2344.19921875, 799.2327880859375, 2436.036865234375, 879.0809326171875], [298.55230712890625, 516.7384033203125, 415.82440185546875, 622.5980834960938], [2319.97412109375, 229.0662078857422, 2412.27685546875, 309.7682800292969], [2489.458984375, 501.06243896484375, 2559.89013671875, 592.6727294921875], [2301.79248046875, 1648.969482421875, 2382.58447265625, 1749.199462890625], [0.0, 104.21864318847656, 51.94853591918945, 215.28005981445312], [2140.052734375, 537.9743041992188, 2235.301513671875, 612.2481079101562], [2259.581787109375, 385.545654296875, 2364.67333984375, 468.8719787597656], [0.0, 828.7379150390625, 36.9786376953125, 923.0455932617188], [2331.468017578125, 2260.741455078125, 2417.2421875, 2345.544921875], [330.37957763671875, 430.00146484375, 444.76947021484375, 520.68359375], [324.92156982421875, 158.43162536621094, 427.2322692871094, 241.8884735107422], [1747.9849853515625, 2512.0283203125, 1843.631103515625, 2560.0], [1790.208251953125, 712.258544921875, 1861.0361328125, 784.0628662109375], [2482.68896484375, 2075.9189453125, 2559.391845703125, 2195.905517578125], [2492.869384765625, 995.6038818359375, 2559.65283203125, 1097.4569091796875], [1797.344482421875, 712.3203125, 1870.515625, 784.880615234375], [2332.25341796875, 716.4871826171875, 2404.505859375, 786.0145263671875], [2245.19189453125, 452.563720703125, 2337.119140625, 532.3507690429688], [2324.4853515625, 322.70550537109375, 2413.002685546875, 400.5394287109375], [2328.01416015625, 2332.829833984375, 2418.703857421875, 2430.99560546875], [2231.34033203125, 479.8387756347656, 2315.34375, 558.5693359375], [2334.23486328125, 717.2896118164062, 2405.5654296875, 787.8884887695312], [2418.599853515625, 2366.89404296875, 2509.24560546875, 2458.059326171875], [334.02069091796875, 250.1734619140625, 446.9911193847656, 354.4968566894531], [2527.40283203125, 1476.260986328125, 2560.0, 1570.058837890625], [1660.2548828125, 710.6475219726562, 1728.4720458984375, 783.783935546875], [2504.007568359375, 497.26483154296875, 2560.0, 598.1018676757812], [438.53961181640625, 564.7791748046875, 520.0407104492188, 673.3070068359375], [2275.486572265625, 357.14776611328125, 2376.71826171875, 439.52972412109375], [328.42724609375, 156.71682739257812, 428.625732421875, 238.875732421875], [2275.35693359375, 1348.6099853515625, 2390.720947265625, 1462.330322265625], [1712.1861572265625, 707.2928466796875, 1784.8505859375, 783.8975830078125], [2428.689697265625, 2421.09326171875, 2517.16845703125, 2509.104736328125], [2464.5419921875, 2081.4912109375, 2556.22900390625, 2204.78662109375], [2337.3330078125, 735.3781127929688, 2413.57177734375, 807.8560180664062], [1718.818115234375, 711.571044921875, 1790.1949462890625, 787.1542358398438], [2319.288818359375, 235.3376922607422, 2412.382080078125, 314.88092041015625], [1834.8685302734375, 2322.295166015625, 1907.28125, 2390.8388671875], [1833.0654296875, 2321.199951171875, 1910.569580078125, 2393.484619140625], [1696.906005859375, 2523.9697265625, 1802.0347900390625, 2559.92138671875], [949.6095581054688, 630.1749267578125, 1021.6595458984375, 709.3199462890625], [1690.2740478515625, 2519.293212890625, 1794.1617431640625, 2560.0], [333.33648681640625, 252.0568084716797, 464.0379333496094, 377.12408447265625], [436.250244140625, 567.386962890625, 515.8229370117188, 675.4925537109375], [403.7550354003906, 488.9928283691406, 511.49932861328125, 603.7064208984375], [1656.925537109375, 709.1483154296875, 1722.7578125, 780.5477294921875], [2514.5107421875, 2163.93115234375, 2560.0, 2287.831298828125], [2175.837890625, 509.26715087890625, 2269.26513671875, 588.3473510742188], [434.7218322753906, 544.57275390625, 521.5875854492188, 660.9319458007812], [2042.5989990234375, 557.0316162109375, 2160.8408203125, 661.3104858398438], [2547.56787109375, 979.751953125, 2560.0, 1092.546142578125], [2300.6728515625, 1652.0859375, 2385.95947265625, 1761.560546875], [1748.3980712890625, 2518.341552734375, 1851.845703125, 2560.0], [1765.2242431640625, 710.0704956054688, 1835.8040771484375, 783.8355712890625], [1631.7154541015625, 709.9498291015625, 1695.6741943359375, 781.7249755859375], [2316.945068359375, 229.53451538085938, 2408.130615234375, 305.23907470703125], [2299.17529296875, 1657.667724609375, 2385.39013671875, 1771.1826171875], [2546.841796875, 1417.8154296875, 2560.0, 1526.590087890625], [1702.198974609375, 2523.5849609375, 1811.859375, 2559.96728515625], [1665.461669921875, 706.577392578125, 1731.9449462890625, 779.5084228515625], [2554.54931640625, 1475.4874267578125, 2560.0, 1592.7886962890625], [1648.818115234375, 709.6055908203125, 1712.8148193359375, 780.2037353515625], [330.90386962890625, 388.24493408203125, 455.38714599609375, 492.004150390625], [0.0, 1063.04541015625, 14.176010131835938, 1190.275390625], [333.0202331542969, 431.3482360839844, 461.5694274902344, 541.4651489257812], [2551.5517578125, 917.5437622070312, 2560.0, 1045.119384765625], [0.0, 834.904296875, 4.73281192779541, 948.7061767578125], [0.0, 948.1048583984375, 21.80863380432129, 1073.708984375], [0.0, 844.5861206054688, 33.71714401245117, 950.3338623046875], [432.16766357421875, 570.9449462890625, 509.0057678222656, 678.6104736328125], [0.0, 104.85792541503906, 54.556610107421875, 224.216064453125], [43.357791900634766, 322.23577880859375, 101.01158905029297, 