{"labels": [0, 0, 0, 0, 0, 0, 0, 0, 0, 0, 0, 0, 0, 0, 0, 0, 0, 0, 0, 0, 0, 0, 0, 0, 0, 0, 0, 0, 0, 0, 0, 0, 0, 0, 0, 0, 0, 0, 0, 0, 0, 0, 0, 0, 0, 0, 0, 0, 0, 0, 0, 0, 0, 0, 0, 0, 0, 0, 0, 0, 0, 0, 0, 0, 0, 0, 0, 0, 0, 0, 0, 0, 0, 0, 0, 0, 0, 0, 0, 0, 0, 0, 0, 0, 0, 0, 0, 0, 0, 0, 0, 0, 0, 0, 0, 0, 0, 0, 0, 0], "scores": [0.9998925924301147, 0.9998272061347961, 0.9998070597648621, 0.999650239944458, 0.9995130300521851, 0.999332845211029, 0.9991849064826965, 0.9989783763885498, 0.9989621639251709, 0.9981005787849426, 0.9978972673416138, 0.9972991347312927, 0.997266411781311, 0.9966418743133545, 0.9585651755332947, 0.2676023840904236, 0.0457904078066349, 0.0158611498773098, 0.011122910305857658, 0.010437101125717163, 0.006623525638133287, 0.0043614814057946205, 0.004048321396112442, 0.0039231558330357075, 0.0039057713001966476, 0.0034305835142731667, 0.00305334385484457, 0.0026135710068047047, 0.0025500741321593523, 0.001741177518852055, 0.0016144472174346447, 0.0015728147700428963, 0.0012431364739313722, 0.0011736181331798434, 0.0010328819043934345, 0.0009128054953180254, 0.0008827808778733015, 0.0007933820597827435, 0.0007803555927239358, 0.000764206750318408, 0.0006145621882751584, 0.0005682838382199407, 0.000563223147764802, 0.0005479480605572462, 0.0005211460520513356, 0.0005062074633315206, 0.0005004333797842264, 0.00042651695548556745, 0.00042296602623537183, 0.0004163910634815693, 0.00039854366332292557, 0.0003971114638261497, 0.0003895847767125815, 0.00027537805726751685, 0.0002669045061338693, 0.00023244823387358338, 0.0002071537746815011, 0.00018495836411602795, 0.00018221938807982951, 0.00014714580902364105, 0.00013082129589747638, 0.0001263423473574221, 0.00012578110909089446, 0.00011485197319416329, 0.00010854130960069597, 9.891513036563993e-05, 9.60653051151894e-05, 9.177318133879453e-05, 9.004396270029247e-05, 8.46621987875551e-05, 7.077593909343705e-05, 6.876628322061151e-05, 6.360116822179407e-05, 6.090886745369062e-05, 5.540427446248941e-05, 5.291548222885467e-05, 5.186860653338954e-05, 4.9060414312407374e-05, 4.42079508502502e-05, 4.3060303141828626e-05, 4.2938965634675696e-05, 4.1343242628499866e-05, 3.947570075979456e-05, 3.767738598980941e-05, 3.745027424884029e-05, 3.0122249881969765e-05, 2.9214370442787185e-05, 2.8285821827012114e-05, 2.5881498004309833e-05, 2.5317773179267533e-05, 2.4215943994931877e-05, 1.9406295905355364e-05, 1.7487744116806425e-05, 1.5255761354637798e-05, 1.5078476280905306e-05, 1.3748426681559067e-05, 1.2788633284799289e-05, 1.2454203897505067e-05, 9.373417924507521e-06, 5.556506494031055e-06], "bboxes": [[1360.6656494140625, 693.286865234375, 2111.5244140625, 1476.18017578125], [3360.943115234375, 625.4263305664062, 4191.56689453125, 1483.6087646484375], [4197.73193359375, 797.2916259765625, 4731.443359375, 1463.2470703125], [2141.979248046875, 153.69410705566406, 3351.639404296875, 1498.6732177734375], [4005.24658203125, 2144.650390625, 4428.81005859375, 2614.4140625], [248.33633422851562, 622.0104370117188, 1275.444091796875, 1524.7354736328125], [2127.435302734375, 2167.4052734375, 2503.80517578125, 2451.18798828125], [2554.311279296875, 2242.043701171875, 2786.8193359375, 2463.623046875], [1765.5216064453125, 2162.647216796875, 2080.5009765625, 2425.863525390625], [1453.7279052734375, 2162.37255859375, 1705.235595703125, 2413.056640625], [4479.18798828125, 2147.861328125, 4800.0, 2621.204345703125], [2941.935302734375, 2220.0830078125, 3158.9365234375, 2391.16455078125], [3618.52197265625, 2152.91455078125, 4016.22509765625, 2387.2861328125], [3386.135498046875, 2184.89404296875, 3594.340087890625, 2356.4248046875], [3213.863037109375, 2194.830078125, 3352.22265625, 2425.978515625], [3196.420166015625, 2200.5263671875, 3323.2001953125, 2418.8642578125], [3178.249267578125, 2201.348388671875, 3321.058837890625, 2418.5498046875], [3225.773681640625, 2197.73974609375, 3352.322509765625, 2412.4658203125], [3385.00830078125, 2186.23583984375, 3589.857421875, 2363.162353515625], [3329.44189453125, 2196.8759765625, 3505.577880859375, 2394.779296875], [3945.49853515625, 2169.196044921875, 4133.390625, 2429.036865234375], [3357.302490234375, 2186.72607421875, 3551.894287109375, 2376.419677734375], [4758.703125, 2164.209228515625, 4800.0, 2637.53466796875], [3179.90185546875, 2198.5224609375, 3328.720703125, 2420.3974609375], [3379.83935546875, 2182.66259765625, 3576.260498046875, 2354.18310546875], [2907.280029296875, 2261.986572265625, 3083.856201171875, 2463.650390625], [4758.974609375, 2186.7041015625, 4800.0, 2642.72998046875], [4785.2490234375, 2174.4443359375, 4800.0, 2628.700927734375], [4768.13427734375, 2161.54052734375, 4800.0, 2618.929443359375], [4779.30712890625, 2218.032470703125, 4800.0, 2678.696533203125], [3003.647705078125, 2236.94140625, 3172.4072265625, 2426.018798828125], [4769.79736328125, 762.2440185546875, 4800.0, 1474.7822265625], [4774.26416015625, 2083.30224609375, 4800.0, 2495.072021484375], [4755.287109375, 1894.7716064453125, 4800.0, 2242.08349609375], [4779.4228515625, 735.7006225585938, 4800.0, 1459.5621337890625], [4764.744140625, 626.3049926757812, 4800.0, 1470.9901123046875], [4466.02392578125, 2209.98974609375, 4666.2783203125, 2497.504638671875], [4770.013671875, 727.3697509765625, 4800.0, 1496.8023681640625], [3077.34326171875, 2218.646240234375, 3243.90869140625, 2414.739990234375], [4781.5888671875, 803.7388916015625, 4800.0, 1490.1646728515625], [4789.64794921875, 804.5548095703125, 4800.0, 1502.2283935546875], [2528.96484375, 2237.281005859375, 2754.06298828125, 2448.298828125], [4733.3330078125, 1710.8359375, 4800.0, 2038.0777587890625], [4744.90185546875, 577.4349365234375, 4800.0, 1444.87890625], [4756.91748046875, 736.4622192382812, 4800.0, 1451.58251953125], [2522.503662109375, 2241.338134765625, 2745.546142578125, 2444.696044921875], [4787.1630859375, 839.7384643554688, 4800.0, 1447.2979736328125], [4772.47705078125, 2078.82666015625, 4800.0, 2635.84423828125], [4729.05322265625, 761.674560546875, 4800.0, 1409.6771240234375], [5.97166109085083, 754.9585571289062, 44.75413513183594, 1702.1624755859375], [4777.962890625, 784.2149047851562, 4800.0, 1422.197998046875], [4778.6806640625, 1950.3800048828125, 4800.0, 2472.0322265625], [4756.51123046875, 617.97802734375, 4800.0, 1502.9700927734375], [2023.1787109375, 0.0, 2834.866943359375, 18.289730072021484], [4792.30859375, 767.1411743164062, 4800.0, 1379.4468994140625], [4780.41650390625, 0.0, 4800.0, 198.11935424804688], [1777.285888671875, 2567.428955078125, 2227.633056640625, 2702.499755859375], [1656.390380859375, 0.0, 2599.0009765625, 26.25186538696289], [4739.78759765625, 317.4774475097656, 4800.0, 1029.9256591796875], [0.0, 759.2246704101562, 27.982074737548828, 1480.1048583984375], [1.3919458389282227, 2660.669921875, 136.4557647705078, 2702.999755859375], [0.0, 1674.453125, 25.126937866210938, 2142.591796875], [4792.5751953125, 870.9231567382812, 4800.0, 1643.899658203125], [1683.80517578125, 2272.024658203125, 2039.2529296875, 2525.5849609375], [4794.5458984375, 917.5089111328125, 4800.0, 1494.4423828125], [2096.64599609375, 2181.43896484375, 2440.068359375, 2420.865478515625], [0.0, 849.33740234375, 16.884477615356445, 1545.90576171875], [1701.2864990234375, 2154.00830078125, 2025.681884765625, 2409.884521484375], [0.04435703158378601, 2389.08837890625, 34.533206939697266, 2670.1103515625], [0.0048461370170116425, 1206.74853515625, 8.76025390625, 1770.5198974609375], [0.031019749119877815, 1237.23291015625, 38.443138122558594, 1685.1107177734375], [0.0, 775.9195556640625, 6.816630840301514, 1545.208984375], [36.19483947753906, 636.017333984375, 285.0384216308594, 1548.0032958984375], [99.97761535644531, 544.1544799804688, 253.29409790039062, 1358.3909912109375], [0.0, 2546.074951171875, 101.8536605834961, 2702.999755859375], [0.0, 867.2876586914062, 11.941413879394531, 1786.202392578125], [0.0, 555.8282470703125, 22.916486740112305, 1746.31396484375], [272.50067138671875, 716.8950805664062, 