{"labels": [0, 0, 0, 0, 0, 0, 0, 0, 0, 0, 0, 0, 0, 0, 0, 0, 0, 0, 0, 0, 0, 0, 0, 0, 0, 0, 0, 0, 0, 0, 0, 0, 0, 0, 0, 0, 0, 0, 0, 0, 0, 0, 0, 0, 0, 0, 0, 0, 0, 0, 0, 0, 0, 0, 0, 0, 0, 0, 0, 0, 0, 0, 0, 0, 0, 0, 0, 0, 0, 0, 0, 0, 0, 0, 0, 0, 0, 0, 0, 0, 0, 0, 0, 0, 0, 0, 0, 0, 0, 0, 0, 0, 0, 0, 0, 0, 0, 0, 0, 0], "scores": [0.9986434578895569, 0.9976626634597778, 0.9969601631164551, 0.9962005019187927, 0.9957778453826904, 0.9952929615974426, 0.9951812624931335, 0.9950771927833557, 0.9950160384178162, 0.9929982423782349, 0.9917293190956116, 0.9916986227035522, 0.9907162189483643, 0.9310733675956726, 0.9240764379501343, 0.9211808443069458, 0.8895105123519897, 0.8732214570045471, 0.8503425717353821, 0.830604076385498, 0.7782105207443237, 0.7580676078796387, 0.6316879987716675, 0.6306522488594055, 0.6238729357719421, 0.622654139995575, 0.536605179309845, 0.5195329785346985, 0.4274110794067383, 0.3149851858615875, 0.2738494277000427, 0.2378339320421219, 0.23378963768482208, 0.19861291348934174, 0.18503521382808685, 0.17349563539028168, 0.1681794822216034, 0.16192863881587982, 0.1539584845304489, 0.1527651995420456, 0.13398145139217377, 0.12388216704130173, 0.10837157815694809, 0.09092672169208527, 0.08963195234537125, 0.08887309581041336, 0.08528369665145874, 0.07147382944822311, 0.06478814035654068, 0.0640949159860611, 0.062011003494262695, 0.061747945845127106, 0.05894947424530983, 0.05131303519010544, 0.04913874343037605, 0.02950453571975231, 0.02871013805270195, 0.025571808218955994, 0.02529672160744667, 0.02521701343357563, 0.02375934086740017, 0.023185495287179947, 0.020213937386870384, 0.018950458616018295, 0.018787739798426628, 0.017860103398561478, 0.017786629498004913, 0.013756170868873596, 0.012836589477956295, 0.011332022026181221, 0.00950974877923727, 0.008854798041284084, 0.00856676697731018, 0.007058034650981426, 0.0065101017244160175, 0.005547009874135256, 0.004997715819627047, 0.004587263334542513, 0.003949255682528019, 0.0035671989899128675, 0.0033514092210680246, 0.003000420518219471, 0.00298434984870255, 0.0027089263312518597, 0.0025366649497300386, 0.0023078781086951494, 0.002244067844003439, 0.0020814279559999704, 0.0020038653165102005, 0.001787194749340415, 0.0016238612588495016, 0.001566956052556634, 0.001485189190134406, 0.0013142925454303622, 0.0013126851990818977, 0.001255047507584095, 0.000977925257757306, 0.0007494057645089924, 0.0007247242028824985, 0.0006613635341636837], "bboxes": [[2121.51318359375, 508.6412048339844, 2210.65966796875, 610.3070068359375], [537.8685302734375, 1410.790283203125, 662.4207763671875, 1519.298828125], [1898.3896484375, 1368.9093017578125, 2005.1412353515625, 1465.8935546875], [960.8644409179688, 25.929208755493164, 1049.94384765625, 119.47306060791016], [1440.3203125, 1651.4798583984375, 1550.20703125, 1751.537109375], [817.0924072265625, 853.8216552734375, 911.1824951171875, 952.8607177734375], [199.47695922851562, 2122.35107421875, 285.70758056640625, 2220.63330078125], [1590.5999755859375, 274.62042236328125, 1664.905029296875, 362.7463073730469], [631.5447998046875, 1182.763671875, 761.1360473632812, 1292.084228515625], [1855.133544921875, 1475.922607421875, 1948.4183349609375, 1574.197998046875], [1347.2427978515625, 1897.9384765625, 1453.3935546875, 1982.9400634765625], [1426.8792724609375, 211.019287109375, 1493.037109375, 295.53424072265625], [1551.8546142578125, 2156.82421875, 1657.1689453125, 2263.362548828125], [1651.6243896484375, 2082.6171875, 1742.361083984375, 2176.456787109375], [1704.2880859375, 2392.83935546875, 1775.881591796875, 2471.93212890625], [1433.669677734375, 1649.416259765625, 1546.452392578125, 1749.9075927734375], [1793.9039306640625, 2122.369873046875, 1877.508544921875, 2232.8583984375], [1655.5726318359375, 2079.157470703125, 1743.189208984375, 2173.1103515625], [2036.63671875, 482.20428466796875, 2092.556640625, 545.0515747070312], [1733.1058349609375, 2371.409423828125, 1800.688232421875, 2450.242919921875], [1635.232177734375, 2351.73974609375, 1717.607666015625, 2434.5771484375], [165.840087890625, 1943.295654296875, 235.4906005859375, 2007.700927734375], [1719.2142333984375, 2359.779541015625, 1788.7327880859375, 2438.38916015625], [1686.173095703125, 325.6136169433594, 1749.7955322265625, 393.1329345703125], [1792.2060546875, 2122.139892578125, 1874.5025634765625, 2230.621337890625], [1694.486328125, 333.4101867675781, 1757.3251953125, 398.5221862792969], [513.9207763671875, 285.2231750488281, 571.6913452148438, 344.4889221191406], [2047.938720703125, 488.987060546875, 2104.131103515625, 553.6009521484375], [1387.958984375, 1790.158203125, 1472.1036376953125, 1864.8157958984375], [1383.764404296875, 1802.7548828125, 1466.918212890625, 1876.6722412109375], [1260.267333984375, 1989.5455322265625, 1353.130126953125, 2084.461181640625], [860.5831298828125, 568.8565673828125, 952.8609619140625, 648.5096435546875], [2043.8782958984375, 480.48248291015625, 2100.33935546875, 544.8516235351562], [1519.546142578125, 1415.523681640625, 1616.8692626953125, 1485.7430419921875], [1690.1357421875, 324.12969970703125, 1752.6650390625, 390.7228088378906], [1657.1439208984375, 318.18475341796875, 1720.3812255859375, 387.39422607421875], [1250.019287109375, 1989.7265625, 1343.637939453125, 2082.76318359375], [511.0489807128906, 282.52252197265625, 568.6514282226562, 340.76898193359375], [1802.90625, 2120.22607421875, 1882.4183349609375, 2227.8720703125], [1382.380615234375, 1793.8619384765625, 1462.524658203125, 1865.5361328125], [1248.0621337890625, 2002.2857666015625, 1346.0513916015625, 2095.890380859375], [163.69456481933594, 1942.963134765625, 241.4888458251953, 2009.698974609375], [863.0634765625, 570.720947265625, 959.5760498046875, 659.0394287109375], [1511.0826416015625, 1392.068603515625, 1610.502197265625, 1462.758544921875], [2006.862548828125, 154.74032592773438, 2163.699462890625, 285.4002380371094], [161.8697509765625, 1942.041748046875, 232.1666259765625, 2006.5556640625], [2065.73486328125, 489.73809814453125, 2130.70947265625, 563.48876953125], [1265.4620361328125, 1967.4886474609375, 1358.578857421875, 2059.41650390625], [157.88632202148438, 1938.1959228515625, 237.72805786132812, 2004.2281494140625], [1381.19091796875, 1787.8101806640625, 1461.2144775390625, 1860.9300537109375], [1652.935791015625, 2088.29150390625, 1739.2242431640625, 2182.51416015625], [1604.979248046875, 283.8751220703125, 1672.3724365234375, 358.3738098144531], [1282.72265625, 1952.359619140625, 1374.83349609375, 2042.34375], [499.2474670410156, 278.7656555175781, 561.1897583007812, 341.17523193359375], [1523.991455078125, 1411.675048828125, 1618.2281494140625, 1480.947021484375], [191.50265502929688, 2118.336669921875, 276.7133483886719, 2219.23876953125], [157.4585723876953, 1933.2027587890625, 234.8610382080078, 2000.3974609375], [1337.474853515625, 1887.845947265625, 1433.354248046875, 1972.22265625], [1403.3917236328125, 1743.021728515625, 1490.6436767578125, 1826.0240478515625], [198.76223754882812, 2124.905517578125, 281.9072570800781, 2226.616455078125], [1054.8857421875, 763.3040161132812, 1171.49462890625, 866.5716552734375], [40.73491287231445, 2117.52783203125, 92.01702117919922, 2224.425537109375], [1440.9217529296875, 1521.559326171875, 1531.5443115234375, 1598.481689453125], [1597.4552001953125, 278.6033935546875, 1671.6927490234375, 359.341552734375], [140.12380981445312, 1958.671142578125, 214.5431365966797, 2033.2886962890625], [2108.87158203125, 46.638973236083984, 2262.95556640625, 132.49884033203125], [1411.16748046875, 185.82156372070312, 1484.1099853515625, 276.2786865234375], [17.4110107421875, 1914.698486328125, 41.81919479370117, 2000.0531005859375], [1849.2271728515625, 1478.327392578125, 1941.3529052734375, 1576.8179931640625], [14.178060531616211, 1992.571044921875, 55.56572723388672, 2092.479248046875], [1340.566162109375, 1894.3763427734375, 1436.052001953125, 1982.9517822265625], [2435.070068359375, 514.5740966796875, 2492.648681640625, 