{"labels": [0, 0, 0, 0, 0, 0, 0, 0, 0, 0, 0, 0, 0, 0, 0, 0, 0, 0, 0, 0, 0, 0, 0, 0, 0, 0, 0, 0, 0, 0, 0, 0, 0, 0, 0, 0, 0, 0, 0, 0, 0, 0, 0, 0, 0, 0, 0, 0, 0, 0, 0, 0, 0, 0, 0, 0, 0, 0, 0, 0, 0, 0, 0, 0, 0, 0, 0, 0, 0, 0, 0, 0, 0, 0, 0, 0, 0, 0, 0, 0, 0, 0, 0, 0, 0, 0, 0, 0, 0, 0, 0, 0, 0, 0, 0, 0, 0, 0, 0, 0], "scores": [0.9997238516807556, 0.9995380640029907, 0.9992256164550781, 0.9990147352218628, 0.9989253878593445, 0.9986252784729004, 0.9985778331756592, 0.9979985356330872, 0.9979129433631897, 0.9977644681930542, 0.9972836971282959, 0.9966750144958496, 0.9965937733650208, 0.9965157508850098, 0.9960224032402039, 0.9949983358383179, 0.9940428137779236, 0.9902240633964539, 0.9892213344573975, 0.9879427552223206, 0.9872673153877258, 0.1372998058795929, 0.10915874689817429, 0.0708436593413353, 0.053868457674980164, 0.04989056661725044, 0.04340052604675293, 0.043213263154029846, 0.033035337924957275, 0.032542649656534195, 0.025759506970643997, 0.02556564100086689, 0.024978887289762497, 0.02439674362540245, 0.02310987003147602, 0.021578336134552956, 0.021331103518605232, 0.020500874146819115, 0.01908590830862522, 0.018073055893182755, 0.017768409103155136, 0.01751081272959709, 0.01735868863761425, 0.017203865572810173, 0.016213547438383102, 0.015447675250470638, 0.014849440194666386, 0.014344376511871815, 0.01379784382879734, 0.013579020276665688, 0.013376867398619652, 0.012934408150613308, 0.011380519717931747, 0.010872375220060349, 0.009988883510231972, 0.00995485670864582, 0.009606176987290382, 0.009485076181590557, 0.008548031561076641, 0.008534624241292477, 0.007607064209878445, 0.006841719150543213, 0.0066354586742818356, 0.005914768669754267, 0.005423938389867544, 0.005410352256149054, 0.004996952135115862, 0.00479009747505188, 0.004648925736546516, 0.004506033379584551, 0.004241323098540306, 0.004029443487524986, 0.003987968899309635, 0.003976264037191868, 0.003773629665374756, 0.0036923985462635756, 0.00359570630826056, 0.0034650599118322134, 0.003310066880658269, 0.0033023373689502478, 0.0029932030010968447, 0.0029850550927221775, 0.002949962392449379, 0.002817758359014988, 0.002747023943811655, 0.00264262524433434, 0.002293593483045697, 0.002217501401901245, 0.0021516208071261644, 0.0020856617484241724, 0.0020457725040614605, 0.0019810579251497984, 0.001926139579154551, 0.0015039279824122787, 0.0014180783182382584, 0.0012350055621936917, 0.000979290110990405, 0.000722429365850985, 0.0006801124545745552, 0.0005379050853662193], "bboxes": [[1482.8631591796875, 1189.1424560546875, 1617.39501953125, 1356.894775390625], [1432.138427734375, 1535.7137451171875, 1591.1962890625, 1676.468505859375], [1727.365234375, 2143.295166015625, 1874.892333984375, 2285.95947265625], [1752.5501708984375, 1481.4320068359375, 1911.919677734375, 1609.09228515625], [2233.45654296875, 2066.131591796875, 2359.56103515625, 2188.546630859375], [845.1575927734375, 703.4468383789062, 984.1485595703125, 853.2305908203125], [2371.936767578125, 1988.3072509765625, 2481.39208984375, 2106.058349609375], [1298.6151123046875, 95.8548355102539, 1419.9600830078125, 220.8844757080078], [1598.569091796875, 1804.7047119140625, 1719.56640625, 1929.701416015625], [433.71771240234375, 968.2833862304688, 548.567138671875, 1090.9501953125], [675.4047241210938, 794.2264404296875, 820.3197021484375, 944.9173583984375], [1279.686767578125, 1254.029296875, 1424.165283203125, 1390.02001953125], [2003.546630859375, 1975.0576171875, 2091.33349609375, 2058.939453125], [1139.3819580078125, 1016.9313354492188, 1270.39892578125, 1138.3935546875], [1375.7730712890625, 393.88861083984375, 1523.687744140625, 546.6836547851562], [980.4742431640625, 622.877197265625, 1122.8704833984375, 762.32421875], [1252.6326904296875, 469.0719299316406, 1385.8975830078125, 622.0451049804688], [1212.0465087890625, 1118.8338623046875, 1362.088623046875, 1259.584228515625], [1114.778076171875, 546.0285034179688, 1251.7425537109375, 686.0527954101562], [1236.6466064453125, 478.1119079589844, 1374.48046875, 634.06787109375], [565.845703125, 894.9025268554688, 687.9774169921875, 1019.1370849609375], [605.7813720703125, 895.2340698242188, 731.2924194335938, 1015.2967529296875], [2529.75927734375, 1973.1129150390625, 2560.0, 2120.890625], [1249.07666015625, 476.0419006347656, 1380.27783203125, 629.0823974609375], [620.0426025390625, 897.7398681640625, 743.1456298828125, 1013.4812622070312], [1216.0775146484375, 1114.0234375, 1355.048828125, 1245.1446533203125], [1249.0992431640625, 474.1344299316406, 1388.582275390625, 628.7386474609375], [1221.087158203125, 1134.905029296875, 1362.891845703125, 1265.327392578125], [2554.0908203125, 1874.8929443359375, 2560.0, 2037.5726318359375], [1107.660888671875, 549.9925537109375, 1237.9857177734375, 685.8926391601562], [1243.332275390625, 478.8487854003906, 1383.6483154296875, 635.2947998046875], [1348.3529052734375, 1444.311767578125, 1494.035400390625, 1575.2620849609375], [844.5554809570312, 691.411376953125, 977.7991943359375, 833.2723388671875], [2535.507080078125, 1912.464111328125, 2560.0, 2067.818359375], [1230.65380859375, 23.377269744873047, 1398.112060546875, 121.30760192871094], [2352.562255859375, 1980.7314453125, 2438.497314453125, 2104.010986328125], [2556.12255859375, 2109.16552734375, 2560.0, 2300.635498046875], [1199.232666015625, 1099.8485107421875, 1340.6771240234375, 1226.6165771484375], [2198.418212890625, 2138.9326171875, 2320.078369140625, 2312.6044921875], [1239.66015625, 1175.6192626953125, 1377.958251953125, 1295.92041015625], [1266.409423828125, 13.936195373535156, 1380.019775390625, 72.92498779296875], [273.9429931640625, 825.7537841796875, 364.45611572265625, 968.5066528320312], [2456.6640625, 1967.8597412109375, 2540.052001953125, 2102.19287109375], [673.4542236328125, 808.9495849609375, 819.72265625, 956.7653198242188], [2364.297607421875, 1993.6240234375, 2469.72607421875, 2108.72509765625], [91.36172485351562, 886.9296875, 135.23670959472656, 1005.0783081054688], [2516.84619140625, 1958.149658203125, 2560.0, 2104.9814453125], [695.5195922851562, 792.7067260742188, 834.7843017578125, 935.2967529296875], [2552.80517578125, 2068.73681640625, 2560.0, 2240.749755859375], [1491.521728515625, 1191.7545166015625, 1608.974365234375, 1340.6304931640625], [562.385009765625, 902.0494384765625, 688.5138549804688, 1021.7379760742188], [2366.9560546875, 2055.115478515625, 2470.4140625, 2188.125], [1256.7098388671875, 1211.9100341796875, 1387.267822265625, 1335.184814453125], [1495.494384765625, 1188.45751953125, 1605.0457763671875, 1321.7352294921875], [2526.111572265625, 2460.86328125, 2560.0, 2560.0], [1039.94482421875, 571.2509765625, 1167.8056640625, 696.2791748046875], [1490.041259765625, 1187.92333984375, 1609.266845703125, 1341.6663818359375], [1060.0240478515625, 583.2049560546875, 1200.653564453125, 721.4825439453125], [2417.625244140625, 1407.391845703125, 2480.914794921875, 1556.760009765625], [341.9693908691406, 989.9130859375, 456.08001708984375, 1109.3148193359375], [2030.999267578125, 1978.8284912109375, 2125.8486328125, 2076.232421875], [976.3143310546875, 626.4900512695312, 1109.488525390625, 764.7996826171875], [2237.9931640625, 1522.3907470703125, 2313.13427734375, 1680.817626953125], [679.5733032226562, 796.7164306640625, 810.566162109375, 925.4166259765625], [1344.2353515625, 340.5242919921875, 1509.261962890625, 488.4932556152344], [2515.787353515625, 1843.8580322265625, 2545.647216796875, 2056.41357421875], [1264.297607421875, 1238.5001220703125, 1395.53271484375, 1358.9434814453125], [2558.079345703125, 1804.570556640625, 2560.0, 1964.6390380859375], [965.2275390625, 638.8779296875, 1104.2725830078125, 779.7987060546875], [2554.95068359375, 1394.71923828125, 2560.0, 1560.6387939453125], [1485.019287109375, 1179.886474609375, 1606.2828369140625, 1332.8973388671875], [575.2496948242188, 844.3333129882812, 696.4866943359375, 965.5745849609375], [0.01777350902557373, 1645.965087890625, 5.32269811630249, 1827.165283203125], [1828.9449462890625, 