{"labels": [0, 0, 0, 0, 0, 0, 0, 0, 0, 0, 0, 0, 0, 0, 0, 0, 0, 0, 0, 0, 0, 0, 0, 0, 0, 0, 0, 0, 0, 0, 0, 0, 0, 0, 0, 0, 0, 0, 0, 0, 0, 0, 0, 0, 0, 0, 0, 0, 0, 0, 0, 0, 0, 0, 0, 0, 0, 0, 0, 0, 0, 0, 0, 0, 0, 0, 0, 0, 0, 0, 0, 0, 0, 0, 0, 0, 0, 0, 0, 0, 0, 0, 0, 0, 0, 0, 0, 0, 0, 0, 0, 0, 0, 0, 0, 0, 0, 0, 0, 0], "scores": [0.99677973985672, 0.9923878908157349, 0.99220871925354, 0.9910128712654114, 0.9898508787155151, 0.9897558093070984, 0.9894696474075317, 0.9888683557510376, 0.9888483285903931, 0.9870944619178772, 0.9870681762695312, 0.9857709407806396, 0.9847128391265869, 0.9826210141181946, 0.9825206398963928, 0.9823060631752014, 0.9803600907325745, 0.9781770706176758, 0.9763904809951782, 0.9747008681297302, 0.9744510650634766, 0.9743825197219849, 0.9701098799705505, 0.9656816720962524, 0.9648275375366211, 0.9620478749275208, 0.9618779420852661, 0.961746096611023, 0.9576425552368164, 0.9561097025871277, 0.9557464718818665, 0.9555149078369141, 0.9498918652534485, 0.9457045197486877, 0.9399415254592896, 0.9342365264892578, 0.9321990013122559, 0.9270949363708496, 0.9234486222267151, 0.9215574860572815, 0.9213888645172119, 0.9202221632003784, 0.9185550808906555, 0.917554497718811, 0.9051955342292786, 0.9040573239326477, 0.8993477821350098, 0.8888824582099915, 0.8888443112373352, 0.8859426975250244, 0.8795170783996582, 0.879285991191864, 0.8791190981864929, 0.8625234365463257, 0.8595367074012756, 0.8488796353340149, 0.8486092686653137, 0.8440972566604614, 0.8434586524963379, 0.8390722274780273, 0.8315005898475647, 0.8311561346054077, 0.8301641941070557, 0.8260546326637268, 0.7785194516181946, 0.7759619355201721, 0.7633365988731384, 0.7571895122528076, 0.7403153777122498, 0.7166106104850769, 0.6966939568519592, 0.6945857405662537, 0.6852182745933533, 0.684665858745575, 0.6749148368835449, 0.6534315347671509, 0.6479465365409851, 0.6377508044242859, 0.6115020513534546, 0.5316073894500732, 0.511406660079956, 0.4403115212917328, 0.3562777638435364, 0.3548799157142639, 0.33827903866767883, 0.3374423086643219, 0.3363606333732605, 0.3295557498931885, 0.3184566795825958, 0.2734583020210266, 0.26053833961486816, 0.25247910618782043, 0.23963968455791473, 0.22115150094032288, 0.21971435844898224, 0.17017553746700287, 0.15884670615196228, 0.13325530290603638, 0.11813274025917053, 0.047094449400901794], "bboxes": [[1804.4300537109375, 267.1866149902344, 1898.2252197265625, 343.8412170410156], [1997.477783203125, 1681.025390625, 2072.487060546875, 1768.635498046875], [0.0, 450.26202392578125, 64.81108856201172, 544.177001953125], [2499.16064453125, 1812.822265625, 2559.80078125, 1927.4749755859375], [654.0150146484375, 287.52471923828125, 727.3070068359375, 354.8130187988281], [2418.140625, 1348.541748046875, 2520.718017578125, 1460.952392578125], [1801.7294921875, 1677.8734130859375, 1890.777099609375, 1761.272705078125], [725.9573364257812, 2056.56005859375, 814.7245483398438, 2155.12939453125], [1951.239990234375, 415.02679443359375, 2050.898193359375, 512.295654296875], [2435.6201171875, 1630.6207275390625, 2496.5234375, 1710.3421630859375], [725.8784790039062, 190.4817352294922, 798.4825439453125, 267.57666015625], [293.42889404296875, 2027.5023193359375, 423.2096252441406, 2151.481201171875], [431.5787658691406, 1897.5009765625, 522.0015869140625, 1973.336181640625], [0.0, 2259.68505859375, 44.31650161743164, 2376.836669921875], [2509.64111328125, 491.2349548339844, 2560.0, 591.8287353515625], [2472.56396484375, 1558.346923828125, 2552.4912109375, 1645.0120849609375], [2092.376220703125, 433.4827575683594, 2172.7802734375, 525.5281372070312], [2271.033447265625, 1343.4613037109375, 2351.72607421875, 1423.3038330078125], [317.0537414550781, 2443.64892578125, 401.9794921875, 2524.54150390625], [2103.600830078125, 475.99267578125, 2198.8759765625, 580.9988403320312], [1900.3427734375, 1672.057373046875, 1986.7894287109375, 1756.038818359375], [2168.27197265625, 558.9102172851562, 2257.92578125, 656.2139892578125], [2189.812744140625, 1501.878662109375, 2290.377685546875, 1588.6798095703125], [517.642333984375, 2078.4677734375, 604.848388671875, 2155.6484375], [162.59674072265625, 507.46746826171875, 219.05050659179688, 579.3667602539062], [2297.48583984375, 799.9427490234375, 2407.43408203125, 887.4690551757812], [2522.78515625, 1048.7757568359375, 2560.0, 1147.781005859375], [409.77008056640625, 2065.58642578125, 505.8353576660156, 2159.39990234375], [830.3878173828125, 2084.784912109375, 920.2054443359375, 2180.09033203125], [485.83294677734375, 2075.578857421875, 578.0104370117188, 2158.443359375], [673.1414184570312, 199.08535766601562, 742.5155029296875, 271.2233581542969], [2172.179443359375, 575.9896850585938, 2271.44091796875, 681.9473266601562], [400.9610900878906, 217.1169891357422, 456.1302185058594, 270.8761901855469], [2007.9515380859375, 2009.095703125, 2095.61865234375, 2111.385009765625], [507.66400146484375, 209.60400390625, 573.392333984375, 279.49365234375], [1637.4798583984375, 1947.454833984375, 1731.633544921875, 2049.56884765625], [802.8483276367188, 1645.5025634765625, 872.8401489257812, 1719.7464599609375], [2260.623291015625, 1349.540283203125, 2342.830322265625, 1429.1590576171875], [1956.8720703125, 1654.2659912109375, 2041.820556640625, 1738.2431640625], [2122.2744140625, 2142.591064453125, 2241.99072265625, 2250.383544921875], [2295.958984375, 786.6756591796875, 2405.5146484375, 878.953125], [2518.37939453125, 1038.276611328125, 2560.0, 1136.4593505859375], [2214.89306640625, 2237.742431640625, 2322.6357421875, 2340.572021484375], [2045.3616943359375, 2357.74609375, 2166.08544921875, 2491.743896484375], [2156.37451171875, 2163.73193359375, 2268.00439453125, 2269.500732421875], [455.82977294921875, 412.78204345703125, 545.5156860351562, 512.2880859375], [634.1694946289062, 444.42950439453125, 718.6506958007812, 529.4102783203125], [1706.032958984375, 394.4497375488281, 1797.556884765625, 463.15228271484375], [797.9110107421875, 1645.3568115234375, 867.1103515625, 1720.175537109375], [1946.3046875, 1658.296875, 2030.4114990234375, 1740.416259765625], [1856.593017578125, 1672.0244140625, 1939.318115234375, 1751.517822265625], [811.6030883789062, 2082.63037109375, 900.3515625, 2175.99951171875], [800.8082275390625, 629.7247924804688, 889.6189575195312, 713.1499633789062], [2084.388671875, 435.84295654296875, 2169.431640625, 532.7283935546875], [2173.22216796875, 578.8125610351562, 2274.40380859375, 685.537353515625], [834.3878173828125, 398.82623291015625, 934.8626708984375, 480.70635986328125], [516.2083129882812, 2074.330078125, 604.56640625, 2153.812744140625], [637.8938598632812, 440.30810546875, 724.1531982421875, 525.6146240234375], [2442.88427734375, 1621.928955078125, 2512.254150390625, 1702.4359130859375], [937.2843017578125, 1824.654541015625, 1020.126953125, 1902.2796630859375], [977.802734375, 361.45068359375, 1058.5775146484375, 439.80303955078125], [732.3016967773438, 195.06698608398438, 803.1047973632812, 267.5486145019531], [296.2688903808594, 430.4217224121094, 394.89605712890625, 524.5079956054688], [2040.106689453125, 2357.168701171875, 2162.823974609375, 2492.12353515625], [787.5834350585938, 494.9625549316406, 882.3350830078125, 580.044189453125], [371.19403076171875, 799.8701782226562, 463.31463623046875, 890.3084716796875], [802.9413452148438, 414.22894287109375, 898.216796875, 495.5003967285156], [695.6326293945312, 1643.552978515625, 779.7053833007812, 1726.378662109375], [2314.42333984375, 607.0362548828125, 2419.375244140625, 720.0296020507812], [2103.04248046875, 2129.656494140625, 2219.58642578125, 2235.81787109375], [272.14056396484375, 465.2295837402344, 368.74566650390625, 556.1724853515625], [1939.8402099609375, 1651.2828369140625, 2027.966796875, 1731.304443359375], [151.08438110351562, 728.1658325195312, 231.72421264648438, 797.2537841796875], [690.3284912109375, 1646.824462890625, 771.62353515625, 1727.186767578125], [172.33242797851562, 1470.8892822265625, 248.8768310546875, 1548.438720703125], 